Influencer insta name,category_1,category_2,Followers,Audience country(mostly),Authentic engagement,Engagement avg,Engagement ratio
eilirjani,Lifestyle,,9.5,Albania,423900,611600,0.69
riyadmahrez26.7,Sports with a ball,,8.5,Algeria,333900,429900,0.77
leomessi,Sports with a ball,Family,315.4,Argentina,4000000,5300000,0.75
daddyyankee,Music,,44.9,Argentina,1300000,1800000,0.72
paulolondra,Music,,12.6,Argentina,1200000,1900000,0.63
antonelaroccuzzo,Modeling,Family,19.0,Argentina,970700,1600000,0.60
bizarrap,Music,,11.5,Argentina,920800,1100000,0.83
nicki.nicole,Music,,11.5,Argentina,876200,1300000,0.67
evaluna,Family,Music,19.8,Argentina,812100,1100000,0.73
paulodybala,Sports with a ball,,45.8,Argentina,662900,1100000,0.60
tinistoessel,Music,,17.4,Argentina,631400,844700,0.74
dukissj,Music,,9.0,Argentina,607200,1100000,0.55
emiliamernes,Music,,4.9,Argentina,549500,1000000,0.54
trueno,Music,,6.7,Argentina,479200,745700,0.64
kunaguero,Sports with a ball,,22.4,Argentina,458400,794500,0.57
litkillah,Music,,7.2,Argentina,438700,578400,0.75
cazzu,Music,,9.8,Argentina,396200,508000,0.77
wos.ds3,Music,,6.3,Argentina,371200,567400,0.65
tiagopzk,Music,,4.3,Argentina,333400,761600,0.43
mariabecerra,Music,,8.6,Argentina,332300,785000,0.42
angeldimariajm,Sports with a ball,,16.3,Argentina,294600,434100,0.67
camilo,Music,,26.4,Argentina,252300,398900,0.63
sebastianyatra,Music,Art/Artists,29.3,Argentina,219300,305600,0.71
ricky_martin,Music,,16.7,Argentina,141200,190400,0.74
harrystyles,Music,Fashion,43.3,Brazil,2900000,3900000,0.74
taylorswift,Music,,204.7,Brazil,2300000,3100000,0.74
milliebobbybrown,Cinema & Actors/actresses,,48.2,Brazil,2100000,2700000,0.77
ursulolita,Cinema & Actors/actresses,Modeling,24.6,Brazil,2000000,2900000,0.68
jungkook_bighitentertainment,Management & Marketing,Music,9.9,Brazil,1800000,2000000,0.90
jenniferaniston,Cinema & Actors/actresses,,40.1,Brazil,1600000,2300000,0.69
neymarjr,Sports with a ball,,172.0,Brazil,1600000,2300000,0.69
lilireinhart,Cinema & Actors/actresses,,29.0,Brazil,1500000,2200000,0.68
virginia,Shows,Lifestyle,35.8,Brazil,1400000,2100000,0.66
noahschnapp,Cinema & Actors/actresses,,20.1,Brazil,1300000,1700000,0.76
sadiesink_,Modeling,Lifestyle,15.3,Brazil,1200000,1700000,0.70
louist91,Music,,18.2,Brazil,1100000,1500000,0.73
camimendes,Cinema & Actors/actresses,,26.8,Brazil,1100000,1600000,0.68
sabrinacarpenter,Music,,27.1,Brazil,1100000,1300000,0.84
miguel.g.herran,Cinema & Actors/actresses,,14.2,Brazil,998200,1500000,0.66
jacobelordi,Cinema & Actors/actresses,,13.2,Brazil,997400,1600000,0.62
whinderssonnunes,Humor & Fun & Happiness,,57.9,Brazil,988300,1500000,0.65
littlebodybigheart,Music,,11.1,Brazil,913100,1200000,0.76
vinijr,Sports with a ball,,15.8,Brazil,909400,1500000,0.60
lewishamilton,Racing Sports,,27.5,Brazil,819900,1200000,0.68
shawnmendes,Music,,67.4,Brazil,809300,1200000,0.67
henrycavill,Cinema & Actors/actresses,,19.7,Brazil,795100,966500,0.82
larasilva,Shows,Adult content,16.8,Brazil,789000,1200000,0.65
conangray,Music,,5.7,Brazil,785400,1200000,0.65
nina,Cinema & Actors/actresses,,25.5,Brazil,778500,1100000,0.70
bambam1a,Music,,16.0,Brazil,684300,863000,0.79
iammichelemorroneofficial,Lifestyle,Cinema & Actors/actresses,12.9,Brazil,654100,938900,0.69
paulwesley,Cinema & Actors/actresses,,12.2,Brazil,640000,958000,0.66
amybethmcnulty,Lifestyle,Cinema & Actors/actresses,6.3,Brazil,561400,771300,0.72
jaybnow.hr,Music,,6.6,Brazil,561300,731700,0.76
anitta,Music,,61.1,Brazil,542800,1000000,0.54
joeyking,Music,Cinema & Actors/actresses,19.1,Brazil,541100,774100,0.69
perrieedwards,Modeling,,14.5,Brazil,523100,816700,0.64
gianlucavacchi,Lifestyle,,22.2,Brazil,511400,787200,0.64
loud_victor,Lifestyle,Sports with a ball,10.4,Brazil,511200,652300,0.78
brunamarquezine,Cinema & Actors/actresses,,42.6,Brazil,485200,837200,0.57
taina,Music,,15.6,Brazil,478300,998900,0.47
phil.coutinho,Sports with a ball,,24.5,Brazil,456200,740900,0.61
gatenm123,Music,Cinema & Actors/actresses,13.6,Brazil,449500,594100,0.75
carlinhosmaiaof,Lifestyle,,24.8,Brazil,441900,810700,0.54
vindiesel,Cinema & Actors/actresses,,79.0,Brazil,440500,568500,0.77
strangerthingstv,Cinema & Actors/actresses,Shows,15.6,Brazil,433200,579500,0.74
therealjosephmorgan,Cinema & Actors/actresses,Lifestyle,7.8,Brazil,411300,514100,0.80
willevy,Shows,Cinema & Actors/actresses,10.2,Brazil,382900,514400,0.74
jadepicon,Modeling,Fashion,19.4,Brazil,375200,818400,0.45
alishalehmann7,Sports with a ball,,6.8,Brazil,373800,705300,0.53
cocielo,Cinema & Actors/actresses,,17.8,Brazil,360600,564800,0.63
paulpogba,Sports with a ball,,52.8,Brazil,353400,628500,0.56
maisa,Music,,42.0,Brazil,343700,468000,0.73
grantgust,Cinema & Actors/actresses,Fashion,7.8,Brazil,343400,487300,0.70
brunomars,Music,,24.9,Brazil,328700,499000,0.65
simoneses,Music,,33.7,Brazil,327800,412200,0.79
camila_cabello,Music,,60.9,Brazil,305400,418100,0.73
lucas_lira,Humor & Fun & Happiness,Lifestyle,5.8,Brazil,296500,434300,0.68
psg,Sports with a ball,,58.0,Brazil,295800,495000,0.59
ellenpompeo,Cinema & Actors/actresses,Lifestyle,10.0,Brazil,285800,495800,0.57
jaimelorentelo,Cinema & Actors/actresses,,14.5,Brazil,285100,381800,0.74
lanacondor,Cinema & Actors/actresses,,10.9,Brazil,283000,385700,0.73
gabigol,Sports with a ball,,9.6,Brazil,282000,427000,0.66
leighannepinnock,Music,,8.5,Brazil,279100,398000,0.70
therealcalebmclaughlin,Cinema & Actors/actresses,Lifestyle,11.1,Brazil,278700,398600,0.69
zefelipecantor,Music,,23.1,Brazil,278100,487800,0.57
angelinajolie,Lifestyle,,12.6,Brazil,274600,456100,0.60
gisele,Modeling,Fashion,18.9,Brazil,274600,408000,0.67
coldplay,Music,,15.4,Brazil,274000,381300,0.71
aron.piper,Music,Lifestyle,13.9,Brazil,273100,515600,0.52
valentinazenere,Modeling,Lifestyle,8.5,Brazil,259000,315400,0.82
chaelincl,Art/Artists,Fashion,9.8,Brazil,259000,342500,0.75
sthefanematos,Lifestyle,,9.7,Brazil,256800,590200,0.43
championsleague,Sports with a ball,,91.4,Brazil,255300,344400,0.74
alok,Music,Art/Artists,27.0,Brazil,249600,319900,0.78
angeliqueboyer,Shows,Cinema & Actors/actresses,13.9,Brazil,247400,310600,0.79
melissamelmaia,Music,,11.5,Brazil,245100,444100,0.55
luissuarez9,Sports with a ball,,43.0,Brazil,238800,356500,0.66
bypamella,Shows,,9.4,Brazil,237700,406800,0.58
aleoliveiracm,Humor & Fun & Happiness,,8.3,Brazil,235800,598400,0.39
deiveleonardo,Literature & Journalism,Trainers & Coaches,10.8,Brazil,234300,431400,0.54
katyperry,Music,,156.6,Brazil,231800,302600,0.76
mirella,Music,,26.6,Brazil,230400,486700,0.47
e_milygarcia,Cinema & Actors/actresses,,11.0,Brazil,230100,380500,0.60
huddy,Lifestyle,Art/Artists,11.9,Brazil,228400,317800,0.71
rafaeluccman,Lifestyle,Modeling,8.6,Brazil,227100,472900,0.48
simaria,Music,,27.6,Brazil,223500,326200,0.68
l7nnon,Lifestyle,Shows,6.3,Brazil,214000,507900,0.42
mirandacosgrove,Music,Cinema & Actors/actresses,9.8,Brazil,213500,333600,0.64
soyneiva,Adult content,,11.4,Brazil,212900,285900,0.74
jorgelopez_as,Cinema & Actors/actresses,,9.7,Brazil,211300,346300,0.61
avrillavigne,Music,Cinema & Actors/actresses,10.7,Brazil,211200,263000,0.80
kiernanshipka,Cinema & Actors/actresses,,8.1,Brazil,207300,335800,0.61
camilladelucas,Beauty,,10.8,Brazil,205200,376800,0.54
soueunavida,Humor & Fun & Happiness,,17.5,Brazil,204600,389500,0.52
juliette,Cinema & Actors/actresses,,33.7,Brazil,201200,319800,0.62
ncentineo,Cinema & Actors/actresses,,17.0,Brazil,200300,333600,0.60
loud_babi,Lifestyle,,9.2,Brazil,200100,323500,0.61
vivi,Beauty,Lifestyle,13.1,Brazil,200000,328400,0.60
markruffalo,Cinema & Actors/actresses,,20.5,Brazil,194300,244200,0.79
larissamanoela,Cinema & Actors/actresses,,44.8,Brazil,192100,320400,0.59
lucasranngel,Lifestyle,,19.2,Brazil,186800,412300,0.45
matue30,Lifestyle,,6.1,Brazil,186000,408100,0.45
ronaldinho,Sports with a ball,,65.1,Brazil,183800,317000,0.57
gioewbank,Cinema & Actors/actresses,Modeling,28.0,Brazil,181400,290600,0.62
gessicakayane,Shows,Humor & Fun & Happiness,19.3,Brazil,173600,357900,0.48
littlemix,Music,,15.4,Brazil,172100,232000,0.74
vanessalopesr_,Lifestyle,,10.6,Brazil,171900,559700,0.30
danialves,Sports with a ball,,35.7,Brazil,170600,264900,0.64
alvxaro,Lifestyle,,9.2,Brazil,169600,424700,0.39
felipeneto,Lifestyle,,15.4,Brazil,166100,236000,0.70
jairmessiasbolsonaro,Finance & Economics,Business & Careers,19.5,Brazil,150900,212600,0.70
viihtube,Cinema & Actors/actresses,,22.9,Brazil,148000,279900,0.52
roberto_firmino,Sports with a ball,,13.2,Brazil,144600,214900,0.67
ludmilla,Music,,26.5,Brazil,143500,212600,0.67
camilaloures,Shows,,17.6,Brazil,131500,196300,0.66
paollaoliveirareal,Cinema & Actors/actresses,Lifestyle,33.6,Brazil,127600,167400,0.76
marimaria,Beauty,,19.9,Brazil,126600,242700,0.52
luisasonza,Music,Lifestyle,28.2,Brazil,125100,198900,0.62
thiagosilva,Sports with a ball,,18.9,Brazil,122800,207200,0.59
iampauloandre,Lifestyle,,6.1,Brazil,122200,424400,0.28
eliana,Music,Shows,29.6,Brazil,119300,151500,0.78
jojotodynho,Music,,21.7,Brazil,117300,190100,0.61
joaoguilherme,Music,Cinema & Actors/actresses,15.5,Brazil,116800,227100,0.51
sincerooficial,Humor & Fun & Happiness,,21.1,Brazil,109500,212600,0.51
arthuraguiar,Music,Cinema & Actors/actresses,12.7,Brazil,104100,236800,0.43
netflixbrasil,Shows,Cinema & Actors/actresses,29.9,Brazil,103700,177500,0.58
ashleybenson,Modeling,,22.4,Brazil,101000,144300,0.69
alfinetei,Humor & Fun & Happiness,,21.1,Brazil,99500,223600,0.44
rafakalimann,Modeling,,22.8,Brazil,90900,163300,0.55
choquei,Literature & Journalism,,17.0,Brazil,90100,279500,0.32
marinaruybarbosa,Cinema & Actors/actresses,,39.8,Brazil,86600,130100,0.66
francinyehlke,Beauty,,15.2,Brazil,86400,188600,0.45
kaka,Sports with a ball,,17.9,Brazil,83600,136100,0.61
pefabiodemelo,Lifestyle,,25.5,Brazil,81600,122900,0.66
tatawerneck,Cinema & Actors/actresses,Family,52.1,Brazil,80800,123500,0.65
isisvalverde,Cinema & Actors/actresses,Lifestyle,27.8,Brazil,79400,117200,0.67
nikefootball,Sports with a ball,Clothing & Outfits,44.3,Brazil,74800,117400,0.63
bianca,Beauty,,17.7,Brazil,73600,172200,0.42
davidluiz23,Sports with a ball,,21.2,Brazil,69800,152400,0.45
netflix,Cinema & Actors/actresses,Shows,29.5,Brazil,65000,105900,0.61
julianapaes,Art/Artists,Cinema & Actors/actresses,30.2,Brazil,61400,95200,0.64
gusttavolima,Music,,42.9,Brazil,46900,79800,0.58
louisvuitton,Fashion,Clothing & Outfits,47.7,Brazil,46200,59700,0.77
alexis_officia1,Sports with a ball,,13.4,Chile,185200,304800,0.60
jacksonwang852g7,Music,,27.3,China,950100,1100000,0.86
jamesrodriguez10,Sports with a ball,,49.1,Colombia,506000,768300,0.65
residente,Music,,8.7,Colombia,480400,743900,0.64
jennmuriel,Lifestyle,Modeling,5.5,Colombia,451500,562600,0.80
sofiaalcastro,Shows,Cinema & Actors/actresses,8.5,Colombia,427400,582700,0.73
andreavaldirisos,Lifestyle,Beauty,7.7,Colombia,411300,584300,0.70
la_segura,Cinema & Actors/actresses,,8.2,Colombia,335200,411300,0.81
nickyjam,Music,,42.7,Colombia,290900,347000,0.83
yefersoncossio,Lifestyle,,8.8,Colombia,257000,376600,0.68
cvillaloboss,Shows,Cinema & Actors/actresses,19.2,Colombia,247300,305100,0.81
linatejeiro,Cinema & Actors/actresses,,9.2,Colombia,237700,287000,0.82
greeicy,Shows,Cinema & Actors/actresses,20.4,Colombia,201400,270900,0.74
luisafernandaw,Lifestyle,Beauty,16.9,Colombia,106300,162100,0.65
mosalah,Sports with a ball,,49.0,Egypt,1200000,1700000,0.70
yasminabdelaziz_,Cinema & Actors/actresses,,15.4,Egypt,185700,219900,0.84
yasmine_sabri,Cinema & Actors/actresses,Lifestyle,18.4,Egypt,158400,222800,0.71
tamerhosny,Music,Cinema & Actors/actresses,22.0,Egypt,110500,134100,0.82
mohamedramadanws,Music,,20.1,Egypt,93900,129900,0.72
k.mbappe,Sports with a ball,,68.9,France,3000000,4300000,0.69
karimbenzema,Sports with a ball,,47.4,France,981200,1400000,0.70
tommyinnit,Lifestyle,,3.6,France,724800,817400,0.88
xsqueezie,Music,Lifestyle,7.6,France,519400,607300,0.85
nabilla,Beauty,,7.2,France,266800,367400,0.72
memphisdepay,Sports with a ball,,14.2,France,191600,339100,0.56
bibisbeautypalace,Family,Lifestyle,7.8,Germany,322700,369600,0.87
toni.kr8s,Sports with a ball,,31.9,Germany,178800,244100,0.73
fcbayern,Sports with a ball,,31.8,Germany,115000,167400,0.68
cristiano,Sports with a ball,,419.6,India,5700000,7000000,0.81
zayn,Music,,44.9,India,3700000,5800000,0.63
virat.kohli,Sports with a ball,,188.1,India,3100000,3400000,0.91
oliviarodrigo,Music,Cinema & Actors/actresses,22.9,India,2800000,3500000,0.80
georginagio,Lifestyle,Fashion,36.5,India,2500000,3500000,0.71
rashmika_mandanna,Beauty,Art/Artists,30.0,India,1700000,2000000,0.85
alluarjunonline,Cinema & Actors/actresses,,17.6,India,1600000,2000000,0.80
robertdowneyjr,Cinema & Actors/actresses,,51.9,India,1600000,2100000,0.76
miakhalifa,Fitness & Gym,Lifestyle,27.7,India,1500000,2300000,0.65
narendramodi,Finance & Economics,Business & Careers,66.5,India,1500000,1700000,0.88
vickykaushal09,Cinema & Actors/actresses,,13.2,India,1300000,1500000,0.86
danbilzerian,Cinema & Actors/actresses,,32.8,India,1300000,2100000,0.61
aliaabhatt,Cinema & Actors/actresses,,61.8,India,1200000,1500000,0.80
rohitsharma45,Sports with a ball,Lifestyle,23.3,India,1100000,1200000,0.91
anushkasharma,Cinema & Actors/actresses,,57.5,India,1100000,1300000,0.84
shraddhakapoor,Cinema & Actors/actresses,,70.5,India,1100000,1300000,0.84
katrinakaif,Beauty,,62.9,India,1000000,1100000,0.90
thedeverakonda,Cinema & Actors/actresses,,14.8,India,984900,1200000,0.82
ratantata,Business & Careers,,5.9,India,952200,1100000,0.86
janhvikapoor,Lifestyle,Cinema & Actors/actresses,16.1,India,951300,1100000,0.86
dishapatani,Cinema & Actors/actresses,Lifestyle,49.6,India,909300,1100000,0.82
carryminati,Computers & Gadgets,Machinery & Technologies,15.0,India,885800,1000000,0.88
norafatehi,Cinema & Actors/actresses,Music,38.6,India,865800,1100000,0.78
hardikpandya93,Sports with a ball,,20.6,India,860300,1100000,0.78
ashishchanchlani,Cinema & Actors/actresses,,13.3,India,832600,1000000,0.83
hegdepooja,Cinema & Actors/actresses,,18.8,India,831700,959300,0.86
kiaraaliaadvani,Cinema & Actors/actresses,,22.1,India,828800,939300,0.88
akshaykumar,Cinema & Actors/actresses,,61.1,India,815300,971000,0.83
thenameisyash,Cinema & Actors/actresses,,5.9,India,813100,964900,0.84
rohittt_09_,Shows,Lifestyle,21.2,India,788700,1100000,0.71
chrishemsworth,Cinema & Actors/actresses,,54.0,India,776600,998100,0.77
bhuvan.bam22,Cinema & Actors/actresses,,14.2,India,741000,915800,0.80
iamsrk,Cinema & Actors/actresses,,28.6,India,717000,909700,0.78
shakira,Music,,71.9,India,691100,947200,0.72
kapilsharma,Cinema & Actors/actresses,Shows,39.8,India,690200,789300,0.87
dhanushkraja,Cinema & Actors/actresses,,4.2,India,685100,886300,0.77
rahulkl,Sports with a ball,,11.9,India,676900,788500,0.85
nehakakkar,Music,,68.5,India,664800,774400,0.85
keerthysureshofficial,Fashion,Cinema & Actors/actresses,12.5,India,650700,743600,0.87
priyankachopra,Cinema & Actors/actresses,,75.7,India,643000,778200,0.82
hrithikroshan,Cinema & Actors/actresses,,41.9,India,638300,805300,0.79
jannatzubair29,Cinema & Actors/actresses,,41.2,India,614700,748600,0.82
sidmalhotra,Cinema & Actors/actresses,Modeling,18.7,India,602400,750000,0.80
alwaysramcharan,Lifestyle,Cinema & Actors/actresses,5.6,India,596800,668300,0.89
samantharuthprabhuoffl,Beauty,Modeling,22.9,India,584900,701500,0.83
kritisanon,Modeling,,47.3,India,565500,658200,0.85
nasa,Science,Photography,75.3,India,564500,653200,0.86
smriti_mandhana,Sports with a ball,,5.9,India,550900,637700,0.86
abdevilliers17,Sports with a ball,Lifestyle,17.2,India,534000,615900,0.86
urstrulymahesh,Cinema & Actors/actresses,,8.1,India,527500,580400,0.90
kajalaggarwalofficial,Cinema & Actors/actresses,,21.7,India,527300,638000,0.82
nameisnani,Sports with a ball,,4.8,India,517800,559000,0.92
anupamaparameswaran96,Cinema & Actors/actresses,,11.4,India,510400,583300,0.87
shahidkapoor,Cinema & Actors/actresses,,33.5,India,506700,574100,0.88
davidbeckham,Family,Sports with a ball,71.9,India,500400,641100,0.78
rishabpant,Sports with a ball,,6.1,India,496500,589600,0.84
emilia_clarke,Cinema & Actors/actresses,,27.0,India,490500,617200,0.79
alexandradaddario,Cinema & Actors/actresses,,22.4,India,487900,596600,0.81
beingsalmankhan,Cinema & Actors/actresses,Art/Artists,50.7,India,474600,604400,0.78
kartikaaryan,Cinema & Actors/actresses,,23.8,India,472200,588200,0.80
jaspritb1,Lifestyle,,9.5,India,466500,536000,0.87
awez_darbar,Shows,Humor & Fun & Happiness,17.8,India,466000,558400,0.83
tomcruise,Cinema & Actors/actresses,,6.2,India,465000,645700,0.72
angelrai07,Humor & Fun & Happiness,,14.9,India,462200,557400,0.82
shreyas41,Sports with a ball,Lifestyle,5.9,India,461700,575700,0.80
geneliad,Cinema & Actors/actresses,,9.6,India,444400,550600,0.80
justinbieber,Music,,227.0,India,439100,638200,0.68
leaelui,Modeling,Lifestyle,11.7,India,428400,719500,0.59
tejasswiprakash,Beauty,,5.5,India,424700,513400,0.82
varundvn,Cinema & Actors/actresses,,40.9,India,403400,492300,0.81
riyaz.14,Lifestyle,Art/Artists,26.1,India,399800,519500,0.76
shehnaazgill,Cinema & Actors/actresses,Music,11.3,India,396800,496300,0.79
i_nivethathomas,Cinema & Actors/actresses,,5.9,India,395300,447000,0.88
anushkasen0408,Cinema & Actors/actresses,,34.5,India,379100,443800,0.85
nazriyafahadh,Lifestyle,,5.5,India,371800,497800,0.74
kareenakapoorkhan,Lifestyle,Cinema & Actors/actresses,8.9,India,367400,458300,0.80
djsnake,Music,,9.1,India,362200,429600,0.84
mr_faisu_07,Modeling,Cinema & Actors/actresses,26.9,India,362000,462100,0.78
parineetichopra,Cinema & Actors/actresses,,35.2,India,357500,412100,0.86
lisakudrow,Cinema & Actors/actresses,,8.5,India,356600,475700,0.74
instagram,Photography,,487.2,India,352300,467400,0.75
nita_shilimkar,Fashion,Modeling,10.3,India,351100,464900,0.75
deepikapadukone,Cinema & Actors/actresses,,65.5,India,347200,450300,0.77
marshmellomusic,Music,,29.2,India,345600,406600,0.85
tamannaahspeaks,Music,Cinema & Actors/actresses,15.9,India,344400,401900,0.85
rakulpreet,Cinema & Actors/actresses,Modeling,19.2,India,334100,392500,0.85
sachintendulkar,Sports with a ball,Lifestyle,33.5,India,333400,399900,0.83
tigerjackieshroff,Cinema & Actors/actresses,,33.8,India,331600,405000,0.81
sureshraina3,Modeling,,19.1,India,328700,371300,0.88
jenniferwinget1,Cinema & Actors/actresses,,12.3,India,322300,391700,0.82
jacquelinef143,Cinema & Actors/actresses,,59.3,India,322000,391800,0.82
sonu_sood,Cinema & Actors/actresses,,14.1,India,321300,367600,0.87
courteneycoxofficial,Cinema & Actors/actresses,,12.1,India,319900,421900,0.75
esbilgic,Lifestyle,Modeling,6.7,India,319100,407100,0.78
ananyapanday,Cinema & Actors/actresses,,21.9,India,318200,371800,0.85
ranveersingh,Cinema & Actors/actresses,Modeling,38.9,India,314700,408400,0.77
justinbieber,Music,,227.4,India,314200,445300,0.70
sunnyleone,Beauty,Cinema & Actors/actresses,51.5,India,312800,421700,0.74
yuzi_chahal23,Lifestyle,Sports with a ball,7.5,India,311500,379500,0.82
therock,Cinema & Actors/actresses,Fitness & Gym,307.0,India,303400,396000,0.76
madhuridixitnene,Music,Cinema & Actors/actresses,30.6,India,297200,343100,0.86
ileana_official,Cinema & Actors/actresses,,14.1,India,286000,347700,0.82
riteishd,Art/Artists,Cinema & Actors/actresses,13.8,India,282200,328900,0.85
avneetkaur_13,Cinema & Actors/actresses,,30.5,India,281300,341100,0.82
dean.schneider,Animals,,10.1,India,271500,348200,0.77
shikhardofficial,Sports with a ball,,10.8,India,261000,298400,0.87
raashiikhanna,Cinema & Actors/actresses,Music,8.1,India,256601,305900,0.83
francety,Adult content,,10.6,India,250400,328300,0.76
saraalikhan95,Cinema & Actors/actresses,,39.7,India,247900,302000,0.82
aishwaryaraibachchan_arb,Cinema & Actors/actresses,,10.0,India,247600,316500,0.78
alvaromorte,Cinema & Actors/actresses,,12.4,India,244500,334700,0.73
annemarie,Shows,Music,9.2,India,242500,339600,0.71
katherinelangford,Cinema & Actors/actresses,,25.7,India,241900,346400,0.69
imouniroy,Cinema & Actors/actresses,,22.6,India,238900,290700,0.82
davidwarner31,Sports with a ball,,9.1,India,238200,279700,0.85
nehasharmaofficial,Cinema & Actors/actresses,,13.9,India,232800,267600,0.87
marvelstudios,Cinema & Actors/actresses,Comics & sketches,36.1,India,225500,252600,0.89
indiancricketteam,Sports with a ball,,23.9,India,223200,260300,0.85
beberexha,Music,Lifestyle,10.8,India,221500,327000,0.67
paulwalker,Cinema & Actors/actresses,,14.6,India,217200,297800,0.72
mohanshakti,Art/Artists,Cinema & Actors/actresses,14.9,India,207000,248000,0.83
darshanravaldz,Music,,14.8,India,205900,249100,0.82
diljitdosanjh,Cinema & Actors/actresses,,12.9,India,203300,244700,0.83
urvashirautela,Cinema & Actors/actresses,,46.4,India,193400,229900,0.84
realhinakhan,Cinema & Actors/actresses,,16.7,India,189500,233600,0.81
arishfakhan138,Cinema & Actors/actresses,,28.0,India,183100,221400,0.82
dqsalmaan,Cinema & Actors/actresses,,10.2,India,176800,239600,0.73
lamborghini,Luxury,Cars & Motorbikes,31.6,India,174400,240500,0.72
anjimaxuofficially,Lifestyle,,11.1,India,173300,221200,0.78
divyankatripathidahiya,Shows,Cinema & Actors/actresses,18.9,India,146500,168200,0.87
sonamkapoor,Fashion,Modeling,31.9,India,145800,173500,0.84
gima_ashi,Lifestyle,,13.9,India,145100,197800,0.73
shreyaghoshal,Music,,23.7,India,127700,142500,0.89
amandacerny,Humor & Fun & Happiness,,24.1,India,112900,180600,0.62
gururandhawa,Music,,31.5,India,110800,135400,0.81
aslisona,Cinema & Actors/actresses,Lifestyle,21.4,India,110200,134100,0.82
theshilpashetty,Cinema & Actors/actresses,,24.8,India,107100,124000,0.86
amitabhbachchan,Cinema & Actors/actresses,,30.0,India,88500,103600,0.85
apple,Computers & Gadgets,Photography,27.4,India,83400,111200,0.75
bmw,Cars & Motorbikes,,33.1,India,73100,97600,0.74
fifaworldcup,Sports with a ball,,25.5,India,71200,109100,0.65
juventus,Sports with a ball,,52.9,India,61800,89400,0.69
lalalalisa_m,Music,,75.7,Indonesia,7500000,8600000,0.87
jennierubyjane,Music,,64.8,Indonesia,6200000,7400000,0.83
roses_are_rosie,Music,,57.5,Indonesia,4800000,5500000,0.87
sooyaaa__,Music,Beauty,58.6,Indonesia,4700000,5400000,0.87
eunwo.o_c,Music,Lifestyle,27.4,Indonesia,3600000,4500000,0.80
actorleeminho,Cinema & Actors/actresses,,28.9,Indonesia,2800000,3700000,0.75
bn_sj2013,Cinema & Actors/actresses,Modeling,21.4,Indonesia,2500000,2900000,0.86
bts.bighitofficial,Music,,61.7,Indonesia,2400000,2600000,0.92
jongsuk0206,Cinema & Actors/actresses,,22.2,Indonesia,2200000,2900000,0.75
phs1116,Business & Careers,,9.5,Indonesia,2000000,2600000,0.76
taehyung.bighitentertainment,Management & Marketing,Music,10.3,Indonesia,2000000,2100000,0.95
oohsehun,Music,,22.9,Indonesia,1900000,2400000,0.79
skawngur,Cinema & Actors/actresses,,17.8,Indonesia,1800000,2500000,0.72
hi_songjoongki,Cinema & Actors/actresses,,8.8,Indonesia,1700000,2400000,0.70
bbrightvc,Cinema & Actors/actresses,,13.5,Indonesia,1700000,2000000,0.85
realstraykids,Music,,20.1,Indonesia,1700000,2000000,0.85
dntlrdl,Lifestyle,,5.9,Indonesia,1500000,2000000,0.75
kimjuncotton,Lifestyle,,9.7,Indonesia,1400000,1700000,0.82
renebaebae,Lifestyle,Modeling,9.9,Indonesia,1400000,1700000,0.82
clean_0828,Lifestyle,,5.5,Indonesia,1300000,1600000,0.81
johnnyjsuh,Lifestyle,Music,8.1,Indonesia,1300000,1600000,0.81
xeesoxee,Lifestyle,,8.9,Indonesia,1300000,1700000,0.76
ssinz7,Music,Cinema & Actors/actresses,13.5,Indonesia,1300000,1600000,0.81
zkdlin,Music,,13.9,Indonesia,1300000,1600000,0.81
twicetagram,Music,Modeling,24.6,Indonesia,1300000,1600000,0.81
imhyoseop,Lifestyle,,6.0,Indonesia,1200000,1400000,0.85
suga_bighitentertainment,Lifestyle,,7.9,Indonesia,1200000,1400000,0.85
jin_bighitentertainment,Lifestyle,,8.5,Indonesia,1200000,1400000,0.85
min9yu_k,Music,,6.0,Indonesia,1100000,1300000,0.84
m_kayoung,Cinema & Actors/actresses,,7.9,Indonesia,1100000,1500000,0.73
tenlee_1001,Music,,9.4,Indonesia,1100000,1400000,0.78
_imyour_joy,Lifestyle,,13.5,Indonesia,1100000,1400000,0.78
blackpinkofficial,Music,,46.2,Indonesia,1100000,1400000,0.78
leedongwook_official,Cinema & Actors/actresses,,14.1,Indonesia,1000000,1400000,0.71
heybiblee,Modeling,,13.5,Indonesia,971100,1300000,0.74
jichangwook,Cinema & Actors/actresses,,19.2,Indonesia,920200,1200000,0.76
somsomi0309,Music,,13.9,Indonesia,894600,1100000,0.81
mingue.k,Shows,,3.3,Indonesia,893500,1100000,0.81
jinyoung_0922jy,Music,,9.3,Indonesia,881400,1200000,0.73
skuukzky,Clothing & Outfits,Music,17.5,Indonesia,871400,1100000,0.79
riaricis1795,Lifestyle,,30.3,Indonesia,868200,1100000,0.78
hi_sseulgi,Modeling,,11.9,Indonesia,849600,1100000,0.77
kun11xd,Lifestyle,,6.5,Indonesia,802400,1000000,0.80
nct127,Music,,13.7,Indonesia,787200,972300,0.80
xxxibgdrgn,Photography,Fashion,20.6,Indonesia,785300,999100,0.78
rachel_mypark,Cinema & Actors/actresses,,9.7,Indonesia,784600,977100,0.80
itzy.all.in.us,Music,,15.8,Indonesia,761500,930800,0.81
bighit_ent,Music,,13.0,Indonesia,721300,888500,0.81
bobbyindaeyo,Music,,3.4,Indonesia,679100,791200,0.85
kyo1122,Cinema & Actors/actresses,,12.9,Indonesia,636200,810500,0.78
nct,Music,,13.6,Indonesia,624900,819900,0.76
yerimiese,Lifestyle,,10.1,Indonesia,620300,768100,0.80
xuminghao_o,Music,,4.3,Indonesia,615900,776200,0.79
fadiljaidi,Lifestyle,,7.0,Indonesia,581500,873000,0.66
yoona__lim,Cinema & Actors/actresses,,13.2,Indonesia,571600,683200,0.83
youngdae0302,Music,,3.8,Indonesia,561400,741400,0.75
yejinhand,Cinema & Actors/actresses,,6.0,Indonesia,537100,699000,0.76
wdohwan,Cinema & Actors/actresses,,4.4,Indonesia,504800,669000,0.75
marcmarquez93,Racing Sports,,6.6,Indonesia,478200,634500,0.75
__youngbae__,Music,,12.7,Indonesia,478000,542300,0.88
thariqhalilintar,Shows,,6.5,Indonesia,476900,590200,0.80
aurelie.hermansyah,Beauty,,25.3,Indonesia,475200,601100,0.79
daniel.k.here,Lifestyle,,4.8,Indonesia,458900,577400,0.79
fcbarcelona,Sports with a ball,,107.1,Indonesia,450100,687900,0.65
jessicajane99,Lifestyle,,6.0,Indonesia,441400,582300,0.75
jeromepolin,Education,Humor & Fun & Happiness,6.5,Indonesia,424200,622400,0.68
zachking,Shows,Humor & Fun & Happiness,24.5,Indonesia,413900,637700,0.64
nianaguerrero,Music,Kids & Toys,14.0,Indonesia,410600,514800,0.79
bumkeyk,Music,,9.0,Indonesia,376300,451600,0.83
lestykejora,Music,,24.9,Indonesia,372900,484000,0.77
vousmevoyez,Music,Cinema & Actors/actresses,10.1,Indonesia,366600,475800,0.77
sooyoungchoi,Beauty,Lifestyle,6.9,Indonesia,348900,420700,0.82
redvelvet.smtown,Music,Beauty,11.4,Indonesia,327900,398900,0.82
rizkybillar,Shows,Beauty,12.6,Indonesia,322100,414800,0.77
valeyellow46,Racing Sports,,13.3,Indonesia,310500,405300,0.76
syifahadjureal,Modeling,,14.9,Indonesia,295700,365000,0.81
dindahw,Cinema & Actors/actresses,,13.9,Indonesia,288800,431500,0.66
iqbaal.e,Cinema & Actors/actresses,,13.4,Indonesia,271400,465900,0.58
hztttao,Music,,11.3,Indonesia,253100,281300,0.89
sandrinna_11,Lifestyle,,10.4,Indonesia,252200,321600,0.78
bebytsabina,Modeling,,7.1,Indonesia,243400,373900,0.65
tiffanyyoungofficial,Modeling,Fashion,11.6,Indonesia,240500,301200,0.79
natashawilona12,Beauty,,37.5,Indonesia,233300,278600,0.83
baifernbah,Lifestyle,,10.4,Indonesia,224500,284600,0.78
9gag,Humor & Fun & Happiness,,58.3,Indonesia,214700,276900,0.77
amandamanopo,Modeling,Beauty,15.2,Indonesia,189600,250500,0.75
anyageraldine,Music,,10.7,Indonesia,182300,305200,0.59
rachelvennya,Kids & Toys,Family,6.7,Indonesia,176400,372500,0.47
jokowi,Finance & Economics,,45.8,Indonesia,158000,196000,0.80
bclsinclair,Music,,20.2,Indonesia,153500,242600,0.63
attahalilintar,Art/Artists,Shows,23.1,Indonesia,140200,192300,0.72
chelseafc,Sports with a ball,,33.2,Indonesia,115700,172400,0.67
maudyayunda,Music,,15.4,Indonesia,110900,163500,0.67
bramastavrl,Cinema & Actors/actresses,Lifestyle,23.7,Indonesia,109100,138900,0.78
felicyangelista_,Family,,21.0,Indonesia,107000,147800,0.72
dagelan,Humor & Fun & Happiness,,20.6,Indonesia,83400,140500,0.59
sarwendah29,Music,Lifestyle,30.8,Indonesia,75400,89200,0.84
inijedar,Cinema & Actors/actresses,,29.4,Indonesia,74500,99700,0.74
ruben_onsu,Cinema & Actors/actresses,Shows,37.9,Indonesia,64200,79500,0.80
raisa6690,Music,,30.4,Indonesia,60600,94000,0.64
prillylatuconsina96,Cinema & Actors/actresses,Music,46.6,Indonesia,56400,81600,0.69
raffinagita1717,Shows,,60.6,Indonesia,37400,52500,0.71
eminem,Cinema & Actors/actresses,Music,35.6,Iran,771200,993500,0.77
yastunes,Music,,8.0,Iran,644000,894000,0.72
alidaei,Sports with a ball,,8.0,Iran,555800,937000,0.59
navidmohammadzadeh,Cinema & Actors/actresses,,8.2,Iran,541400,764000,0.70
mehraadjam,Music,,4.7,Iran,385000,564100,0.68
donya,Fashion,,14.7,Iran,379800,596700,0.63
sinavaliollah,Shows,,6.8,Iran,376400,474700,0.79
milad_khahhh,Lifestyle,,5.6,Iran,365100,512701,0.71
realshadmehr,Music,,7.6,Iran,330200,460800,0.71
hassan_reyvandi,Cinema & Actors/actresses,Humor & Fun & Happiness,18.7,Iran,330100,456500,0.72
aliiiiiiiikarimi8,Sports with a ball,,9.1,Iran,328700,495100,0.66
golfarahani,Cinema & Actors/actresses,,12.6,Iran,307500,395700,0.77
perspolis,Sports with a ball,,7.6,Iran,276500,393200,0.70
elnazshakerdoost,Cinema & Actors/actresses,,9.5,Iran,219000,295700,0.74
saharghoreyshiofficialpage,Lifestyle,,10.7,Iran,193800,283900,0.68
ebi,Music,,10.3,Iran,193600,260500,0.74
rezagolzar,Cinema & Actors/actresses,,11.7,Iran,178500,263100,0.67
mahnaz_afshar,Cinema & Actors/actresses,Lifestyle,15.7,Iran,154300,212900,0.72
mercedesbenz,Cars & Motorbikes,Luxury,35.3,Iran,75000,106800,0.70
aboflah,Humor & Fun & Happiness,,7.2,Iraq,793400,949400,0.83
anasmarwah,Family,Shows,5.5,Iraq,431800,557500,0.77
asalamaleh,Shows,,6.6,Iraq,415900,514500,0.80
noorstars,Shows,,12.6,Iraq,149500,199600,0.74
nancyajram,Music,,32.4,Iraq,140300,179500,0.78
fedez,Music,,13.7,Italy,725500,1000000,0.72
maneskinofficial,Lifestyle,,6.0,Italy,519400,733500,0.70
charles_leclerc,Racing Sports,,6.6,Italy,473900,629200,0.75
chiaraferragni,Beauty,,26.7,Italy,372000,616600,0.60
maluma,Music,,61.6,Italy,329200,507600,0.64
fabriziorom,Literature & Journalism,Shows,6.4,Italy,328900,570600,0.57
canyaman,Cinema & Actors/actresses,Modeling,9.3,Italy,324400,402800,0.80
iamzlatanibrahimovic,Sports with a ball,,52.9,Italy,306700,473100,0.64
f1,Racing Sports,,18.3,Italy,266600,337700,0.78
violets.tv,Adult content,,13.5,Italy,221300,303500,0.72
kingarturo23oficial,Sports with a ball,,16.7,Italy,120800,194800,0.62
alvaromorata,Sports with a ball,Literature & Journalism,16.2,Italy,113100,175200,0.64
kentooyamazaki,Cinema & Actors/actresses,,4.9,Japan,583000,677100,0.86
watanabenaomi703,Cinema & Actors/actresses,Humor & Fun & Happiness,9.7,Japan,339000,361000,0.93
karolg,Music,,50.8,Mexico,4500000,5400000,0.83
dualipa,Music,,81.6,Mexico,2200000,2700000,0.81
elrubiuswtf,Computers & Gadgets,,16.2,Mexico,1400000,1500000,0.93
domelipa,Lifestyle,,17.2,Mexico,1100000,1300000,0.84
iamferv,Lifestyle,Art/Artists,8.8,Mexico,1000000,1500000,0.66
kimberly.loaiza,Clothing & Outfits,Lifestyle,33.9,Mexico,995000,1200000,0.82
luisitocomunica,Humor & Fun & Happiness,Clothing & Outfits,31.7,Mexico,939800,1200000,0.78
dannapaola,Music,,33.5,Mexico,931600,1300000,0.71
lelepons,Music,,47.7,Mexico,724300,1100000,0.65
iambeckyg,Music,,31.2,Mexico,679200,817400,0.83
manurios,Shows,,9.9,Mexico,572700,966000,0.59
elrodrigocontreras,Lifestyle,,12.7,Mexico,563100,620800,0.90
lizgillz,Music,Cinema & Actors/actresses,13.9,Mexico,563000,816300,0.68
keniaos,Music,,12.6,Mexico,545200,709000,0.76
juandediospantoja,Music,Art/Artists,21.5,Mexico,519100,591800,0.87
amadorat,Fashion,Lifestyle,8.1,Mexico,505000,564400,0.89
juki_lop,Shows,Family,9.1,Mexico,493000,573300,0.85
yuyacst,Modeling,,17.1,Mexico,389800,598200,0.65
ladivaza,Music,Modeling,6.8,Mexico,388900,474500,0.81
nicolegarcia,Lifestyle,,5.3,Mexico,384900,503400,0.76
juanpazurita,Cinema & Actors/actresses,,28.6,Mexico,341700,485800,0.70
soydannyalfaro,Beauty,,8.0,Mexico,329400,377400,0.87
alejandrospeitzer,Lifestyle,,5.1,Mexico,313300,488600,0.64
angela_aguilar_,Lifestyle,,8.2,Mexico,285500,346000,0.82
nattinatasha,Music,Cinema & Actors/actresses,35.4,Mexico,281100,338300,0.83
jbalvin,Music,,51.9,Mexico,273600,363000,0.75
nodal,Music,,8.4,Mexico,252400,415500,0.60
ederbez,Cinema & Actors/actresses,Lifestyle,18.1,Mexico,248300,278900,0.89
aislinnderbez,Cinema & Actors/actresses,,12.0,Mexico,235700,295400,0.79
kimshantal,Music,,11.6,Mexico,203300,237800,0.85
canelo,Fitness & Gym,,12.8,Mexico,203000,282200,0.71
lunay,Music,,10.3,Mexico,202600,296600,0.68
kevinroldankr,Music,,10.1,Mexico,180200,291400,0.61
manelyk_oficial,Music,,14.1,Mexico,179500,240400,0.74
martingarrix,Music,,15.6,Mexico,152800,216300,0.70
belindapop,Music,,14.9,Mexico,136700,197000,0.69
achrafhakimi,Sports with a ball,,8.8,Morocco,520000,764500,0.68
hziyech,Sports with a ball,,6.0,Morocco,348400,476000,0.73
kawtarbamo,Cinema & Actors/actresses,,7.2,Morocco,275900,374100,0.73
wizkidayo,Music,,14.2,Nigeria,243300,473400,0.51
davido,Music,,23.3,Nigeria,184900,259300,0.71
winmetawin,Lifestyle,,11.7,Philippines,1300000,1500000,0.86
kittychicha,Lifestyle,,4.2,Philippines,678800,823400,0.82
bernardokath,Beauty,Cinema & Actors/actresses,16.8,Philippines,452700,545400,0.83
nadine,Music,Shows,11.1,Philippines,319900,354600,0.90
lizasoberano,Beauty,Cinema & Actors/actresses,16.9,Philippines,243100,289900,0.83
blythe,Cinema & Actors/actresses,Modeling,13.4,Philippines,196900,224100,0.87
annecurtissmith,Music,Cinema & Actors/actresses,17.8,Philippines,134700,152300,0.88
_rl9,Sports with a ball,,25.0,Poland,588600,749000,0.78
ester_exposito,Cinema & Actors/actresses,,29.0,Russia,2900000,4300000,0.67
madelame,Cinema & Actors/actresses,,25.3,Russia,1300000,1800000,0.72
mikhail_litvin,Shows,,14.6,Russia,972000,1200000,0.81
samoylovaoxana,Family,Lifestyle,15.2,Russia,897600,1200000,0.74
thebursin,Cinema & Actors/actresses,,10.3,Russia,891200,1200000,0.74
ler_chek,Lifestyle,Beauty,10.5,Russia,713000,923300,0.77
brianmaps,Photography,,5.8,Russia,608400,627900,0.96
gusein.gasanov,Shows,,21.0,Russia,524500,786100,0.66
nadin_serovski,Family,Lifestyle,9.4,Russia,515701,710100,0.72
goar_avetisyan,Beauty,,11.5,Russia,510500,707900,0.72
realbarbarapalvin,Modeling,Fashion,17.5,Russia,480200,649000,0.73
pugachevmark,Cars & Motorbikes,Luxury,10.0,Russia,358100,525900,0.68
pokrov90,Shows,,7.3,Russia,350300,408100,0.85
helen_yes1,Cinema & Actors/actresses,,10.5,Russia,342400,442600,0.77
egorkreed,Music,,14.7,Russia,322600,396900,0.81
_agentgirl_,Shows,,18.8,Russia,310800,377900,0.82
subo_m,Shows,,9.0,Russia,294200,360400,0.81
khabib_nurmagomedov,Fitness & Gym,,33.3,Russia,252600,353300,0.71
dava_m,Business & Careers,,13.7,Russia,166000,215900,0.76
timatiofficial,Music,Fitness & Gym,18.0,Russia,151200,202400,0.74
borodylia,Shows,Family,18.2,Russia,123000,153200,0.80
irinashayk,Modeling,,17.9,Russia,121800,169000,0.72
hakkiakdenizz,Business & Careers,,17.6,Russia,120200,174400,0.68
djokernole,Sports with a ball,,10.4,Serbia,195700,240900,0.81
dlwlrma,Art/Artists,,25.8,South Korea,2900000,3500000,0.82
hi_high_hiy,Cinema & Actors/actresses,,12.9,South Korea,2600000,3000000,0.86
hoooooyeony,Lifestyle,,23.7,South Korea,2000000,2700000,0.74
_seorina,Lifestyle,Cinema & Actors/actresses,3.0,South Korea,803900,997800,0.80
taeyeon_ss,Music,,18.3,South Korea,762000,925800,0.82
leeyoum262,Photography,Humor & Fun & Happiness,8.1,South Korea,562700,688800,0.81
hyeri_0609,Music,,7.0,South Korea,447600,539000,0.83
hyunah_aa,Music,,17.6,South Korea,378100,448700,0.84
ibaillanos,Art/Artists,,6.8,Spain,859100,1200000,0.71
rosalia.vt,Music,,19.5,Spain,737000,967100,0.76
sergioramos,Sports with a ball,,49.7,Spain,606900,930300,0.65
anuel,Music,,27.9,Spain,586000,892100,0.65
zidane,Sports with a ball,,31.2,Spain,546000,744100,0.73
frenkiedejong,Sports with a ball,,10.0,Spain,528600,792500,0.66
rogerfederer,Sports with a ball,,9.2,Spain,484700,627900,0.77
ansufati,Sports with a ball,,8.0,Spain,475200,721000,0.65
o.dembele7,Sports with a ball,,10.3,Spain,468600,804000,0.58
3gerardpique,Sports with a ball,,19.8,Spain,446100,658800,0.67
grefg_official,Computers & Gadgets,Machinery & Technologies,7.1,Spain,440100,546100,0.80
lukamodric10,Sports with a ball,,21.6,Spain,419800,616300,0.68
xavi,Sports with a ball,,8.1,Spain,419400,629100,0.66
marcelotwelve,Sports with a ball,,53.0,Spain,413500,622200,0.66
realmadrid,Sports with a ball,,113.0,Spain,407200,563100,0.72
garethbale11,Sports with a ball,,46.3,Spain,402200,633900,0.63
433,Sports with a ball,,48.5,Spain,383100,637000,0.60
rauwalejandro,Music,,13.7,Spain,382400,553000,0.69
willyrex,Shows,,8.6,Spain,324100,385100,0.84
davidalaba,Sports with a ball,,8.5,Spain,301400,426700,0.70
mterstegen1,Sports with a ball,,13.3,Spain,280000,422000,0.66
mariapedraza_,Cinema & Actors/actresses,,12.0,Spain,279600,369000,0.75
miguel_bernardeau,Cinema & Actors/actresses,,7.0,Spain,260800,384500,0.67
rafaelnadal,Sports with a ball,,14.0,Spain,228700,286300,0.79
myketowers,Music,,9.4,Spain,207900,376100,0.55
antogriezmann,Sports with a ball,,35.5,Spain,205300,329600,0.62
raphaelvarane,Sports with a ball,,18.4,Spain,200800,301400,0.66
marcoasensio10,Sports with a ball,,13.6,Spain,194300,298300,0.65
ozuna,Music,,22.2,Spain,167100,225300,0.74
casemiro,Sports with a ball,,14.0,Spain,149800,224100,0.66
iscoalarcon,Sports with a ball,,23.3,Spain,142700,206200,0.69
jordialbaoficial,Sports with a ball,,14.1,Spain,135700,196300,0.69
andresiniesta8,Sports with a ball,,39.0,Spain,91500,132300,0.69
easportsfifa,Sports with a ball,,25.8,Spain,70900,118300,0.59
narins_beauty,Lifestyle,,8.4,Syria,351600,429000,0.81
marktuan,Music,Cinema & Actors/actresses,12.1,Thailand,667100,877200,0.76
yugyeom,Music,Art/Artists,10.8,Thailand,634200,821700,0.77
333cyj333,Music,,6.5,Thailand,359300,427700,0.84
davikah,Modeling,,15.9,Thailand,355300,460800,0.77
urassayas,Cinema & Actors/actresses,Modeling,11.4,Thailand,181600,220800,0.82
aum_patchrapa,Cinema & Actors/actresses,Lifestyle,14.1,Thailand,150300,179200,0.83
handemiyy,Cinema & Actors/actresses,,27.3,Turkey,2100000,2800000,0.75
neslihanatagul,Cinema & Actors/actresses,Modeling,13.0,Turkey,670600,842600,0.79
cznburak,Food & Cooking,,32.9,Turkey,615200,836000,0.73
burcuozberk,Cinema & Actors/actresses,,9.0,Turkey,560900,725600,0.77
m10_official,Sports with a ball,,24.0,Turkey,526600,738300,0.71
burakozcivit,Cinema & Actors/actresses,,20.5,Turkey,492800,597500,0.82
reynmen,Music,Cinema & Actors/actresses,7.0,Turkey,418000,531500,0.78
evcenf,Lifestyle,Beauty,12.8,Turkey,375600,473300,0.79
demetozdemir,Cinema & Actors/actresses,,15.0,Turkey,335600,449000,0.74
araikgalstyanmoscowschool,Beauty,,13.0,Turkey,323000,416700,0.77
aykutelmas,Cinema & Actors/actresses,Photography,6.8,Turkey,321000,376500,0.85
elcinsangu,Cinema & Actors/actresses,Lifestyle,8.3,Turkey,284600,342800,0.83
galatasaray,Sports with a ball,,11.1,Turkey,254400,307800,0.82
acunilicali,Cinema & Actors/actresses,,13.6,Turkey,233800,286300,0.81
hadise,Music,Shows,13.7,Turkey,220700,257200,0.85
nusr_et,Food & Cooking,,43.5,Turkey,192900,285400,0.67
zelenskiy_official,Cinema & Actors/actresses,Business & Careers,16.4,Ukraine,174000,208100,0.83
faz3,Lifestyle,,14.0,United Arab Emirates,257300,337900,0.76
mimikeene3,Cinema & Actors/actresses,,4.3,United Kingdom,765800,1400000,0.54
ksi,Music,,11.2,United Kingdom,611700,857500,0.71
sanchooo10,Sports with a ball,,8.3,United Kingdom,411400,719600,0.57
staceysolomon,Family,,5.1,United Kingdom,409700,493600,0.83
marcusrashford,Sports with a ball,,12.7,United Kingdom,401900,635500,0.63
auba,Sports with a ball,,12.0,United Kingdom,379300,602100,0.63
sadiomaneofficiel,Sports with a ball,,10.4,United Kingdom,350700,500300,0.70
d_degeaofficial,Sports with a ball,,12.9,United Kingdom,306800,434400,0.70
trentarnold66,Lifestyle,Sports with a ball,6.6,United Kingdom,298900,438300,0.68
kevindebruyne,Sports with a ball,,16.8,United Kingdom,247500,382900,0.64
virgilvandijk,Sports with a ball,,11.5,United Kingdom,235400,333600,0.70
zoesugg,Lifestyle,Business & Careers,9.4,United Kingdom,208700,289300,0.72
jesselingard,Sports with a ball,,9.5,United Kingdom,192100,294500,0.65
harrykane,Sports with a ball,,12.3,United Kingdom,148300,204400,0.72
anthonyjoshua,Fitness & Gym,,13.6,United Kingdom,142000,192800,0.73
waynerooney,Sports with a ball,Lifestyle,15.5,United Kingdom,139800,201400,0.69
manchesterunited,Sports with a ball,,56.5,United Kingdom,116600,188800,0.61
liverpoolfc,Sports with a ball,,36.7,United Kingdom,100200,138200,0.72
arsenal,Sports with a ball,,21.5,United Kingdom,79900,120000,0.66
premierleague,Sports with a ball,,55.4,United Kingdom,49500,69500,0.71
xxxtentacion,Music,,20.2,United States,11800000,20800000,0.56
kyliejenner,Fashion,Modeling,323.3,United States,7600000,12300000,0.61
zendaya,Cinema & Actors/actresses,Fashion,136.1,United States,6400000,8600000,0.74
kendalljenner,Modeling,Fashion,227.4,United States,3400000,5500000,0.61
selenagomez,Music,Lifestyle,308.2,United States,3300000,4400000,0.75
arianagrande,Music,,302.3,United States,2900000,4100000,0.70
dojacat,Music,,22.4,United States,2800000,3900000,0.71
badgalriri,Music,Beauty,125.1,United States,2800000,4600000,0.60
adele,Music,,49.7,United States,2600000,3600000,0.72
billieeilish,Music,,101.7,United States,2600000,3400000,0.76
beyonce,Music,Fashion,246.9,United States,2600000,3700000,0.70
badbunnypr,Music,,38.5,United States,2500000,3900000,0.64
tchalamet,Cinema & Actors/actresses,,17.5,United States,2300000,3800000,0.60
iamcardib,Music,Fashion,127.2,United States,2300000,3300000,0.69
meganfox,Cinema & Actors/actresses,,19.9,United States,2100000,3400000,0.61
kimkardashian,Fashion,Beauty,296.4,United States,2000000,2900000,0.68
willsmith,Cinema & Actors/actresses,Music,62.4,United States,1900000,2400000,0.79
gigihadid,Modeling,Lifestyle,73.2,United States,1900000,2800000,0.67
sydney_sweeney,Lifestyle,Cinema & Actors/actresses,11.8,United States,1800000,3400000,0.52
haileybieber,Lifestyle,Modeling,42.2,United States,1800000,2400000,0.75
haileesteinfeld,Cinema & Actors/actresses,,18.2,United States,1500000,1900000,0.78
charlidamelio,Lifestyle,Shows,47.7,United States,1500000,1900000,0.78
mrbeast,Shows,Humor & Fun & Happiness,18.0,United States,1400000,1800000,0.77
travisscott,Music,,44.8,United States,1400000,2100000,0.66
playboicarti,Music,,8.0,United States,1200000,2100000,0.57
pewdiepie,Computers & Gadgets,,21.9,United States,1200000,1400000,0.85
niallhoran,Music,,29.4,United States,1200000,1800000,0.66
emmachamberlain,Lifestyle,Shows,15.3,United States,1100000,1700000,0.64
liluzivert,Music,,15.8,United States,1100000,2000000,0.55
addisonraee,Beauty,,40.5,United States,1100000,1600000,0.68
onwardwanna,Lifestyle,Cinema & Actors/actresses,5.1,United States,1000000,1700000,0.58
feliciathegoat,Music,,12.4,United States,1000000,1700000,0.58
kjapa,Cinema & Actors/actresses,,19.0,United States,1000000,1500000,0.66
khloekardashian,Clothing & Outfits,Lifestyle,230.2,United States,991100,1200000,0.82
kingjames,Sports with a ball,,116.6,United States,952900,1600000,0.59
florencepugh,Humor & Fun & Happiness,Cinema & Actors/actresses,7.2,United States,926400,1400000,0.66
brentrivera,Music,Cinema & Actors/actresses,22.1,United States,888300,1200000,0.74
jessicah_o,Music,,9.7,United States,874500,1100000,0.79
blakelively,Cinema & Actors/actresses,,32.0,United States,827100,1300000,0.63
lilnasx,Music,,12.2,United States,815500,1400000,0.58
iamhalsey,Music,,28.9,United States,793700,1000000,0.79
lexibrookerivera,Shows,Humor & Fun & Happiness,8.4,United States,778000,975400,0.79
sza,Music,,11.6,United States,748600,1300000,0.57
theweeknd,Music,,37.5,United States,725800,983900,0.73
annehathaway,Cinema & Actors/actresses,,22.6,United States,704300,928400,0.75
tyga,Music,,32.4,United States,689200,1000000,0.68
wilbursoot,Music,,3.2,United States,687500,883100,0.77
vinniehacker,Lifestyle,,5.6,United States,687000,1400000,0.49
kourtneykardash,Lifestyle,,166.4,United States,674500,961200,0.70
hichasestokes,Lifestyle,,7.4,United States,640900,959800,0.66
madisonbeer,Music,,30.6,United States,630200,940900,0.66
tylerrjoseph,Music,Art/Artists,5.5,United States,628200,941300,0.66
dovecameron,Cinema & Actors/actresses,,46.4,United States,618500,807200,0.76
itsmarziapie,Beauty,Lifestyle,8.2,United States,603200,705100,0.85
zacefron,Cinema & Actors/actresses,,52.1,United States,598700,869300,0.68
gal_gadot,Cinema & Actors/actresses,,77.0,United States,597500,771600,0.77
sav.labrant,Family,Lifestyle,7.0,United States,597100,798400,0.74
zoeisabellakravitz,Cinema & Actors/actresses,,8.2,United States,583000,885500,0.65
maudeapatow,Lifestyle,Cinema & Actors/actresses,4.8,United States,577000,955100,0.60
bellahadid,Modeling,,50.6,United States,566900,905300,0.62
imsebastianstan,Shows,Cinema & Actors/actresses,9.0,United States,566100,672900,0.84
stephencurry30,Sports with a ball,Family,41.1,United States,565700,757600,0.74
bretmanrock,Art/Artists,Beauty,18.3,United States,551000,927900,0.59
loganpaul,Fitness & Gym,,22.5,United States,549400,733800,0.74
ana_d_armas,Cinema & Actors/actresses,Lifestyle,6.1,United States,543400,735300,0.73
joshuadun,Music,,5.8,United States,540300,660000,0.81
maddieziegler,Cinema & Actors/actresses,Modeling,13.9,United States,533400,799900,0.66
trippieredd,Music,,12.8,United States,530700,1000000,0.53
iansomerhalder,Cinema & Actors/actresses,,22.5,United States,527600,788900,0.66
pokimanelol,Lifestyle,Shows,6.0,United States,526700,694800,0.75
sophiet,Cinema & Actors/actresses,,14.9,United States,515900,693700,0.74
jensenackles,Cinema & Actors/actresses,,9.1,United States,504600,655900,0.76
theestallion,Music,,28.2,United States,504000,879900,0.57
ladygaga,Music,Cinema & Actors/actresses,51.9,United States,498300,700000,0.71
hshq,Music,Cinema & Actors/actresses,5.5,United States,488100,859100,0.56
naileadevora,Shows,,5.0,United States,482400,712700,0.67
lilbaby,Music,,18.8,United States,475400,876500,0.54
emrata,Modeling,,29.0,United States,475400,758700,0.62
tombrady,Sports with a ball,,11.8,United States,458600,847900,0.54
michaelbjordan,Cinema & Actors/actresses,,18.4,United States,452900,751000,0.60
mileycyrus,Music,,163.8,United States,439700,594900,0.73
thenotoriousmma,Fitness & Gym,,45.0,United States,435400,631500,0.68
jlo,Music,Cinema & Actors/actresses,200.8,United States,429500,549900,0.78
vanessamorgan,Music,Cinema & Actors/actresses,9.4,United States,422300,600500,0.70
liampayne,Music,,24.1,United States,420400,585500,0.71
polo.capalot,Music,Lifestyle,10.2,United States,416900,685700,0.60
madisonbaileybabe,Lifestyle,,6.7,United States,416400,779300,0.53
cole.labrant,Lifestyle,Fashion,5.0,United States,412600,580800,0.71
ateez_official_,Music,,6.3,United States,410900,472100,0.87
julesleblanc,Music,Shows,9.7,United States,409500,592100,0.69
postmalone,Music,,22.3,United States,407300,623100,0.65
markiplier,Shows,,9.8,United States,406500,463300,0.87
fuckjerry,Humor & Fun & Happiness,,16.6,United States,405300,523100,0.77
kaliuchis,Music,,3.7,United States,399200,689700,0.57
maxverstappen1,Racing Sports,,8.2,United States,398700,524400,0.76
adamsandler,Cinema & Actors/actresses,,12.7,United States,395900,503900,0.78
demirose,Modeling,Lifestyle,19.2,United States,395900,515000,0.76
nickiminaj,Music,,181.6,United States,393700,615200,0.64
ashleygraham,Modeling,,17.2,United States,392700,519500,0.75
veradijkmans,Adult content,,5.1,United States,390300,548600,0.71
indiaroyale,Lifestyle,,4.0,United States,384500,1100000,0.34
ms_puiyi,Adult content,,17.2,United States,384000,491900,0.78
asaprocky,Music,,14.6,United States,383600,641700,0.59
colleen,Family,Fashion,7.5,United States,368300,463600,0.79
nikitadragun,Beauty,Modeling,9.1,United States,368000,562100,0.65
celestebarber,Humor & Fun & Happiness,,8.9,United States,364800,393200,0.92
daquan,Humor & Fun & Happiness,,16.8,United States,364200,561900,0.64
danielricciardo,Racing Sports,,6.6,United States,361100,469200,0.76
peytonlist,Cinema & Actors/actresses,,19.7,United States,360000,541500,0.66
amauryguichon,Food & Cooking,,6.7,United States,357300,435700,0.82
larray,Lifestyle,Modeling,6.7,United States,357000,521500,0.68
nikkietutorials,Beauty,,15.6,United States,353800,480500,0.73
colesprouse,Modeling,,36.0,United States,352700,459300,0.76
dkharbour,Cinema & Actors/actresses,,6.2,United States,352200,461500,0.76
dylansprouse,Cinema & Actors/actresses,,9.3,United States,350300,549800,0.63
ross_lynch,Music,Cinema & Actors/actresses,10.0,United States,348300,695500,0.50
obj,Sports with a ball,,15.8,United States,339500,645800,0.52
avani,Beauty,Lifestyle,18.8,United States,337000,451900,0.74
jamorant,Lifestyle,Sports with a ball,5.9,United States,332900,537800,0.61
jackharlow,Lifestyle,Music,5.1,United States,330800,618400,0.53
memezar,Cinema & Actors/actresses,,23.7,United States,325600,484700,0.67
vancityreynolds,Cinema & Actors/actresses,,42.4,United States,325200,422400,0.76
justintimberlake,Music,Art/Artists,64.2,United States,323300,432900,0.74
charlieputh,Music,,15.7,United States,320500,456200,0.70
ddlovato,Music,,128.7,United States,319800,418400,0.76
noahbeck,Sports with a ball,,9.0,United States,317300,523000,0.60
lilyjcollins,Cinema & Actors/actresses,,26.9,United States,314300,467300,0.67
normani,Lifestyle,,7.0,United States,313800,490900,0.63
offsetyrn,Music,,19.7,United States,313300,559800,0.55
mathildtantot,Lifestyle,Modeling,10.3,United States,310200,470000,0.66
shaymitchell,Beauty,Family,32.6,United States,304800,426300,0.71
claireholt,Cinema & Actors/actresses,Lifestyle,7.4,United States,304100,415400,0.73
melo,Sports with a ball,,8.3,United States,298100,605600,0.49
jamescharles,Beauty,,23.3,United States,293900,432000,0.68
dixiedamelio,Music,Clothing & Outfits,25.1,United States,293000,430300,0.68
chloegmoretz,Cinema & Actors/actresses,,20.1,United States,292900,392500,0.74
michaelclifford,Music,,5.8,United States,291900,427900,0.68
bellathorne,Music,Art/Artists,25.2,United States,289500,485700,0.59
natalee.007,Modeling,Music,6.9,United States,286600,366100,0.78
machinegunkelly,Music,,9.6,United States,284000,457500,0.62
brycehall,Music,,7.5,United States,279200,358700,0.77
jakepaul,Cinema & Actors/actresses,,19.2,United States,278200,465100,0.59
jacksepticeye,Computers & Gadgets,Machinery & Technologies,7.7,United States,277700,322300,0.86
malutrevejo,Music,,11.2,United States,277200,496800,0.55
jheneaiko,Music,,14.0,United States,273800,481100,0.56
channingtatum,Cinema & Actors/actresses,,17.0,United States,272100,393200,0.69
emmaroberts,Cinema & Actors/actresses,,17.7,United States,266400,392400,0.67
21savage,Music,,13.2,United States,263500,462000,0.57
jennaortega,Cinema & Actors/actresses,Lifestyle,7.4,United States,257101,366100,0.70
jennifer.garner,Cinema & Actors/actresses,,12.5,United States,255600,289400,0.88
cbum,Fitness & Gym,,6.6,United States,248700,410600,0.60
sommerray,Modeling,,26.7,United States,242300,381300,0.63
hannahstocking,Modeling,,21.0,United States,237200,337800,0.70
dearra,Lifestyle,,6.0,United States,236900,589900,0.40
phoebejtonkin,Beauty,Cinema & Actors/actresses,8.2,United States,236800,338600,0.69
thegirljt,Music,,5.1,United States,234400,641800,0.36
thenewclassic,Music,,15.8,United States,233600,378200,0.61
kenzie,Art/Artists,,14.8,United States,232400,353600,0.65
wolfiecindy,Modeling,Lifestyle,6.9,United States,226500,376700,0.60
victoriajustice,Music,Cinema & Actors/actresses,21.8,United States,226200,309800,0.73
romeosantos,Music,,19.0,United States,225000,277900,0.80
samsmith,Music,Fashion,14.6,United States,223900,328400,0.68
t22felton,Music,Cinema & Actors/actresses,11.9,United States,223400,289400,0.77
sarahhyland,Cinema & Actors/actresses,Lifestyle,9.1,United States,223000,278900,0.79
giannis_an34,Sports with a ball,,12.3,United States,217800,344600,0.63
laurenlondon,Cinema & Actors/actresses,Modeling,9.7,United States,217700,371600,0.58
dylanminnette,Music,Cinema & Actors/actresses,7.3,United States,215700,350400,0.61
pubity,Humor & Fun & Happiness,,31.6,United States,214500,313300,0.68
lizzobeeating,Music,Lifestyle,12.1,United States,213100,298300,0.71
salmahayek,Cinema & Actors/actresses,,20.9,United States,212100,262500,0.80
kehlani,Music,Family,13.7,United States,210500,328200,0.64
annakendrick47,Cinema & Actors/actresses,,20.3,United States,210000,274200,0.76
kingryan,Fitness & Gym,,8.7,United States,209500,316600,0.66
klaythompson,Sports with a ball,Lifestyle,11.6,United States,202300,294700,0.68
spacex,Science,Machinery & Technologies,13.3,United States,201000,244900,0.82
ciara,Music,Modeling,31.3,United States,199400,270600,0.73
kkvsh,Lifestyle,,8.2,United States,198800,336600,0.59
prattprattpratt,Cinema & Actors/actresses,,35.5,United States,193000,250900,0.76
jeremyrenner,Shows,Cinema & Actors/actresses,17.2,United States,192900,230800,0.83
c.syresmith,Cinema & Actors/actresses,Lifestyle,18.6,United States,190100,294600,0.64
thefatjewish,Humor & Fun & Happiness,,10.1,United States,186900,244400,0.76
sophiedee,Adult content,,11.6,United States,186300,248000,0.75
yungmiami305,Lifestyle,,5.3,United States,184600,547800,0.33
lucyhale,Cinema & Actors/actresses,,24.3,United States,183500,240400,0.76
jailyneojeda,Modeling,Lifestyle,14.1,United States,183100,253700,0.72
starwars,Cinema & Actors/actresses,,14.9,United States,182000,231400,0.78
humansofny,Lifestyle,Photography,11.8,United States,181900,215400,0.84
britneyspears,Music,,40.2,United States,180500,251600,0.71
marvel,Cinema & Actors/actresses,Comics & sketches,62.7,United States,180100,212500,0.84
staskaranikolaou,Lifestyle,,10.8,United States,179400,264100,0.67
50cent,Music,,27.9,United States,177500,283200,0.62
rubyrose,Modeling,,18.8,United States,171300,225700,0.75
bigsean,Music,Art/Artists,14.6,United States,169900,310300,0.54
debbyryan,Music,Cinema & Actors/actresses,16.7,United States,169400,246400,0.68
kaylanicolejones,Shows,,7.3,United States,166500,352700,0.47
nickjonas,Music,Art/Artists,32.3,United States,164000,233000,0.70
officialslystallone,Art/Artists,Cinema & Actors/actresses,14.8,United States,162900,206300,0.78
lildurk,Music,Art/Artists,13.0,United States,162100,458200,0.35
vanessahudgens,Cinema & Actors/actresses,,44.8,United States,161100,262300,0.61
teddysphotos,Music,,37.7,United States,161000,219800,0.73
chrissyteigen,Shows,Modeling,37.4,United States,158000,205500,0.76
troyesivan,Art/Artists,Fashion,12.6,United States,157200,225600,0.69
chrisbrownofficial,Music,,106.0,United States,157100,241900,0.64
lizakoshy,Cinema & Actors/actresses,,19.6,United States,156300,208800,0.74
nolimitherbo,Music,Art/Artists,7.4,United States,156200,374700,0.41
teyanataylor,Music,,14.6,United States,153900,261200,0.58
reesewitherspoon,Cinema & Actors/actresses,,27.6,United States,152500,183700,0.83
barackobama,Finance & Economics,Business & Careers,35.4,United States,148300,174600,0.84
lacikaysomers,Music,Modeling,11.8,United States,147500,253700,0.58
hilaryduff,Cinema & Actors/actresses,,20.6,United States,147300,188200,0.78
brfootball,Sports with a ball,,11.9,United States,146000,236000,0.61
saweetie,Cinema & Actors/actresses,,13.1,United States,144700,336200,0.43
bhadbhabie,Music,,16.4,United States,143100,268000,0.53
kyrieirving,Sports with a ball,,16.2,United States,142700,216800,0.65
prideofgypsies,Cinema & Actors/actresses,,16.8,United States,141000,181300,0.77
jharden13,Sports with a ball,,11.7,United States,137500,236500,0.58
loren,Fashion,Modeling,22.5,United States,137300,227300,0.60
michelleobama,Finance & Economics,Business & Careers,49.1,United States,132300,150200,0.88
leonardodicaprio,Cinema & Actors/actresses,,52.8,United States,132000,166200,0.79
caradelevingne,Modeling,Cinema & Actors/actresses,43.3,United States,130100,182800,0.71
nike,Fitness & Gym,Shopping & Retail,208.9,United States,129500,175500,0.73
jaydacheaves,Clothing & Outfits,,7.0,United States,128500,381300,0.33
pharrell,Music,,13.5,United States,126400,181100,0.69
sportscenter,Sports with a ball,Shows,30.0,United States,125800,224200,0.56
natgeo,Nature & landscapes,Science,214.6,United States,124700,145500,0.85
bugatti,Cars & Motorbikes,Luxury,16.1,United States,124100,168500,0.73
miketyson,Fitness & Gym,,18.1,United States,122800,157300,0.78
kingbach,Music,Art/Artists,22.1,United States,120600,242000,0.49
krisjenner,Shows,Beauty,46.6,United States,119600,183400,0.65
earthpix,Nature & landscapes,Photography,22.7,United States,118700,145900,0.81
taylor_hill,Art/Artists,Fashion,18.9,United States,115500,172900,0.66
kevinhart4real,Cinema & Actors/actresses,,140.2,United States,111300,141000,0.78
diddy,Music,Cinema & Actors/actresses,18.4,United States,109400,164500,0.66
sofiavergara,Cinema & Actors/actresses,,24.8,United States,109000,143000,0.76
rockstargames,Computers & Gadgets,,22.3,United States,108500,135200,0.80
thehughjackman,Cinema & Actors/actresses,,30.3,United States,107100,122400,0.87
camerondallas,Cinema & Actors/actresses,,23.0,United States,104800,182600,0.57
bleacherreport,Sports with a ball,,18.4,United States,103800,204700,0.50
quavohuncho,Music,,20.8,United States,103000,170100,0.60
fortnite,Computers & Gadgets,,26.1,United States,102100,120300,0.84
alexisren,Lifestyle,,15.8,United States,102000,158100,0.64
jimmyfallon,Shows,Humor & Fun & Happiness,21.3,United States,97200,120900,0.80
porsche,Cars & Motorbikes,,26.4,United States,97100,124400,0.78
frenchmontana,Music,,24.5,United States,91500,151600,0.60
lakers,Sports with a ball,,19.3,United States,85800,132400,0.64
warriors,Lifestyle,Sports with a ball,22.2,United States,81700,112800,0.72
playstation,Computers & Gadgets,Machinery & Technologies,28.9,United States,80500,99300,0.81
houseofhighlights,Sports with a ball,,32.7,United States,64600,117200,0.55
letthelordbewithyou,Lifestyle,Family,26.5,United States,61500,92200,0.66
snoopdogg,Lifestyle,Music,71.8,United States,60900,85500,0.71
gucci,Accessories & Jewellery,Clothing & Outfits,47.9,United States,57900,74300,0.77
adidasoriginals,Clothing & Outfits,Shopping & Retail,34.2,United States,52400,71800,0.72
natgeotravel,Nature & landscapes,Photography,45.4,United States,50600,56900,0.88
nba,Sports with a ball,,65.8,United States,40600,68200,0.59
theellenshow,Shows,Cinema & Actors/actresses,116.8,United States,29200,33300,0.87
