Influencer insta name,category_1,category_2,Followers,Audience country(mostly),Authentic engagement,Engagement avg
eilirjani,Lifestyle,,9500000,Albania,423900,611600
riyadmahrez26.7,Sports with a ball,,8500000,Algeria,333900,429900
leomessi,Sports with a ball,Family,315400000,Argentina,4000000,5300000
daddyyankee,Music,,44900000,Argentina,1300000,1800000
paulolondra,Music,,12600000,Argentina,1200000,1900000
antonelaroccuzzo,Modeling,Family,19000000,Argentina,970700,1600000
bizarrap,Music,,11500000,Argentina,920800,1100000
nicki.nicole,Music,,11500000,Argentina,876200,1300000
evaluna,Family,Music,19800000,Argentina,812100,1100000
paulodybala,Sports with a ball,,45800000,Argentina,662900,1100000
tinistoessel,Music,,17400000,Argentina,631400,844700
dukissj,Music,,9000000,Argentina,607200,1100000
emiliamernes,Music,,4900000,Argentina,549500,1000000
trueno,Music,,6700000,Argentina,479200,745700
kunaguero,Sports with a ball,,22400000,Argentina,458400,794500
litkillah,Music,,7200000,Argentina,438700,578400
cazzu,Music,,9800000,Argentina,396200,508000
wos.ds3,Music,,6300000,Argentina,371200,567400
tiagopzk,Music,,4300000,Argentina,333400,761600
mariabecerra,Music,,8600000,Argentina,332300,785000
angeldimariajm,Sports with a ball,,16300000,Argentina,294600,434100
camilo,Music,,26400000,Argentina,252300,398900
sebastianyatra,Music,Art/Artists,29300000,Argentina,219300,305600
ricky_martin,Music,,16700000,Argentina,141200,190400
harrystyles,Music,Fashion,43300000,Brazil,2900000,3900000
taylorswift,Music,,204700000,Brazil,2300000,3100000
milliebobbybrown,Cinema & Actors/actresses,,48200000,Brazil,2100000,2700000
ursulolita,Cinema & Actors/actresses,Modeling,24600000,Brazil,2000000,2900000
jungkook_bighitentertainment,Management & Marketing,Music,9900000,Brazil,1800000,2000000
jenniferaniston,Cinema & Actors/actresses,,40100000,Brazil,1600000,2300000
neymarjr,Sports with a ball,,172000000,Brazil,1600000,2300000
lilireinhart,Cinema & Actors/actresses,,29000000,Brazil,1500000,2200000
virginia,Shows,Lifestyle,35800000,Brazil,1400000,2100000
noahschnapp,Cinema & Actors/actresses,,20100000,Brazil,1300000,1700000
sadiesink_,Modeling,Lifestyle,15300000,Brazil,1200000,1700000
louist91,Music,,18200000,Brazil,1100000,1500000
camimendes,Cinema & Actors/actresses,,26800000,Brazil,1100000,1600000
sabrinacarpenter,Music,,27100000,Brazil,1100000,1300000
miguel.g.herran,Cinema & Actors/actresses,,14200000,Brazil,998200,1500000
jacobelordi,Cinema & Actors/actresses,,13200000,Brazil,997400,1600000
whinderssonnunes,Humor & Fun & Happiness,,57900000,Brazil,988300,1500000
littlebodybigheart,Music,,11100000,Brazil,913100,1200000
vinijr,Sports with a ball,,15800000,Brazil,909400,1500000
lewishamilton,Racing Sports,,27500000,Brazil,819900,1200000
shawnmendes,Music,,67400000,Brazil,809300,1200000
henrycavill,Cinema & Actors/actresses,,19700000,Brazil,795100,966500
larasilva,Shows,Adult content,16800000,Brazil,789000,1200000
conangray,Music,,5700000,Brazil,785400,1200000
nina,Cinema & Actors/actresses,,25500000,Brazil,778500,1100000
bambam1a,Music,,16000000,Brazil,684300,863000
iammichelemorroneofficial,Lifestyle,Cinema & Actors/actresses,12900000,Brazil,654100,938900
paulwesley,Cinema & Actors/actresses,,12200000,Brazil,640000,958000
amybethmcnulty,Lifestyle,Cinema & Actors/actresses,6300000,Brazil,561400,771300
jaybnow.hr,Music,,6600000,Brazil,561300,731700
anitta,Music,,61100000,Brazil,542800,1000000
joeyking,Music,Cinema & Actors/actresses,19100000,Brazil,541100,774100
perrieedwards,Modeling,,14500000,Brazil,523100,816700
gianlucavacchi,Lifestyle,,22200000,Brazil,511400,787200
loud_victor,Lifestyle,Sports with a ball,10400000,Brazil,511200,652300
brunamarquezine,Cinema & Actors/actresses,,42600000,Brazil,485200,837200
taina,Music,,15600000,Brazil,478300,998900
phil.coutinho,Sports with a ball,,24500000,Brazil,456200,740900
gatenm123,Music,Cinema & Actors/actresses,13600000,Brazil,449500,594100
carlinhosmaiaof,Lifestyle,,24800000,Brazil,441900,810700
vindiesel,Cinema & Actors/actresses,,79000000,Brazil,440500,568500
strangerthingstv,Cinema & Actors/actresses,Shows,15600000,Brazil,433200,579500
therealjosephmorgan,Cinema & Actors/actresses,Lifestyle,7800000,Brazil,411300,514100
willevy,Shows,Cinema & Actors/actresses,10200000,Brazil,382900,514400
jadepicon,Modeling,Fashion,19400000,Brazil,375200,818400
alishalehmann7,Sports with a ball,,6800000,Brazil,373800,705300
cocielo,Cinema & Actors/actresses,,17800000,Brazil,360600,564800
paulpogba,Sports with a ball,,52800000,Brazil,353400,628500
maisa,Music,,42000000,Brazil,343700,468000
grantgust,Cinema & Actors/actresses,Fashion,7800000,Brazil,343400,487300
brunomars,Music,,24900000,Brazil,328700,499000
simoneses,Music,,33700000,Brazil,327800,412200
camila_cabello,Music,,60900000,Brazil,305400,418100
lucas_lira,Humor & Fun & Happiness,Lifestyle,5800000,Brazil,296500,434300
psg,Sports with a ball,,58000000,Brazil,295800,495000
ellenpompeo,Cinema & Actors/actresses,Lifestyle,10000000,Brazil,285800,495800
jaimelorentelo,Cinema & Actors/actresses,,14500000,Brazil,285100,381800
lanacondor,Cinema & Actors/actresses,,10900000,Brazil,283000,385700
gabigol,Sports with a ball,,9600000,Brazil,282000,427000
leighannepinnock,Music,,8500000,Brazil,279100,398000
therealcalebmclaughlin,Cinema & Actors/actresses,Lifestyle,11100000,Brazil,278700,398600
zefelipecantor,Music,,23100000,Brazil,278100,487800
angelinajolie,Lifestyle,,12600000,Brazil,274600,456100
gisele,Modeling,Fashion,18900000,Brazil,274600,408000
coldplay,Music,,15400000,Brazil,274000,381300
aron.piper,Music,Lifestyle,13900000,Brazil,273100,515600
valentinazenere,Modeling,Lifestyle,8500000,Brazil,259000,315400
chaelincl,Art/Artists,Fashion,9800000,Brazil,259000,342500
sthefanematos,Lifestyle,,9700000,Brazil,256800,590200
championsleague,Sports with a ball,,91400000,Brazil,255300,344400
alok,Music,Art/Artists,27000000,Brazil,249600,319900
angeliqueboyer,Shows,Cinema & Actors/actresses,13900000,Brazil,247400,310600
melissamelmaia,Music,,11500000,Brazil,245100,444100
luissuarez9,Sports with a ball,,43000000,Brazil,238800,356500
bypamella,Shows,,9400000,Brazil,237700,406800
aleoliveiracm,Humor & Fun & Happiness,,8300001,Brazil,235800,598400
deiveleonardo,Literature & Journalism,Trainers & Coaches,10800000,Brazil,234300,431400
katyperry,Music,,156600000,Brazil,231800,302600
mirella,Music,,26600000,Brazil,230400,486700
e_milygarcia,Cinema & Actors/actresses,,11000000,Brazil,230100,380500
huddy,Lifestyle,Art/Artists,11900000,Brazil,228400,317800
rafaeluccman,Lifestyle,Modeling,8600000,Brazil,227100,472900
simaria,Music,,27600000,Brazil,223500,326200
l7nnon,Lifestyle,Shows,6300000,Brazil,214000,507900
mirandacosgrove,Music,Cinema & Actors/actresses,9800000,Brazil,213500,333600
soyneiva,Adult content,,11400000,Brazil,212900,285900
jorgelopez_as,Cinema & Actors/actresses,,9700000,Brazil,211300,346300
avrillavigne,Music,Cinema & Actors/actresses,10700000,Brazil,211200,263000
kiernanshipka,Cinema & Actors/actresses,,8100000,Brazil,207300,335800
camilladelucas,Beauty,,10800000,Brazil,205200,376800
soueunavida,Humor & Fun & Happiness,,17500000,Brazil,204600,389500
juliette,Cinema & Actors/actresses,,33700000,Brazil,201200,319800
ncentineo,Cinema & Actors/actresses,,17000000,Brazil,200300,333600
loud_babi,Lifestyle,,9200000,Brazil,200100,323500
vivi,Beauty,Lifestyle,13100000,Brazil,200000,328400
markruffalo,Cinema & Actors/actresses,,20500000,Brazil,194300,244200
larissamanoela,Cinema & Actors/actresses,,44800000,Brazil,192100,320400
lucasranngel,Lifestyle,,19200000,Brazil,186800,412300
matue30,Lifestyle,,6100000,Brazil,186000,408100
ronaldinho,Sports with a ball,,65100000,Brazil,183800,317000
gioewbank,Cinema & Actors/actresses,Modeling,28000000,Brazil,181400,290600
gessicakayane,Shows,Humor & Fun & Happiness,19300000,Brazil,173600,357900
littlemix,Music,,15400000,Brazil,172100,232000
vanessalopesr_,Lifestyle,,10600000,Brazil,171900,559700
danialves,Sports with a ball,,35700000,Brazil,170600,264900
alvxaro,Lifestyle,,9200000,Brazil,169600,424700
felipeneto,Lifestyle,,15400000,Brazil,166100,236000
jairmessiasbolsonaro,Finance & Economics,Business & Careers,19500000,Brazil,150900,212600
viihtube,Cinema & Actors/actresses,,22900000,Brazil,148000,279900
roberto_firmino,Sports with a ball,,13200000,Brazil,144600,214900
ludmilla,Music,,26500000,Brazil,143500,212600
camilaloures,Shows,,17600000,Brazil,131500,196300
paollaoliveirareal,Cinema & Actors/actresses,Lifestyle,33600000,Brazil,127600,167400
marimaria,Beauty,,19900000,Brazil,126600,242700
luisasonza,Music,Lifestyle,28200000,Brazil,125100,198900
thiagosilva,Sports with a ball,,18900000,Brazil,122800,207200
iampauloandre,Lifestyle,,6100000,Brazil,122200,424400
eliana,Music,Shows,29600000,Brazil,119300,151500
jojotodynho,Music,,21700000,Brazil,117300,190100
joaoguilherme,Music,Cinema & Actors/actresses,15500000,Brazil,116800,227100
sincerooficial,Humor & Fun & Happiness,,21100000,Brazil,109500,212600
arthuraguiar,Music,Cinema & Actors/actresses,12700000,Brazil,104100,236800
netflixbrasil,Shows,Cinema & Actors/actresses,29900000,Brazil,103700,177500
ashleybenson,Modeling,,22400000,Brazil,101000,144300
alfinetei,Humor & Fun & Happiness,,21100000,Brazil,99500,223600
rafakalimann,Modeling,,22800000,Brazil,90900,163300
choquei,Literature & Journalism,,17000000,Brazil,90100,279500
marinaruybarbosa,Cinema & Actors/actresses,,39800000,Brazil,86600,130100
francinyehlke,Beauty,,15200000,Brazil,86400,188600
kaka,Sports with a ball,,17900000,Brazil,83600,136100
pefabiodemelo,Lifestyle,,25500000,Brazil,81600,122900
tatawerneck,Cinema & Actors/actresses,Family,52100000,Brazil,80800,123500
isisvalverde,Cinema & Actors/actresses,Lifestyle,27800000,Brazil,79400,117200
nikefootball,Sports with a ball,Clothing & Outfits,44300000,Brazil,74800,117400
bianca,Beauty,,17700000,Brazil,73600,172200
davidluiz23,Sports with a ball,,21200000,Brazil,69800,152400
netflix,Cinema & Actors/actresses,Shows,29500000,Brazil,65000,105900
julianapaes,Art/Artists,Cinema & Actors/actresses,30200000,Brazil,61400,95200
gusttavolima,Music,,42900000,Brazil,46900,79800
louisvuitton,Fashion,Clothing & Outfits,47700000,Brazil,46200,59700
alexis_officia1,Sports with a ball,,13400000,Chile,185200,304800
jacksonwang852g7,Music,,27300000,China,950100,1100000
jamesrodriguez10,Sports with a ball,,49100000,Colombia,506000,768300
residente,Music,,8700000,Colombia,480400,743900
jennmuriel,Lifestyle,Modeling,5500000,Colombia,451500,562600
sofiaalcastro,Shows,Cinema & Actors/actresses,8500000,Colombia,427400,582700
andreavaldirisos,Lifestyle,Beauty,7700000,Colombia,411300,584300
la_segura,Cinema & Actors/actresses,,8200000,Colombia,335200,411300
nickyjam,Music,,42700000,Colombia,290900,347000
yefersoncossio,Lifestyle,,8800000,Colombia,257000,376600
cvillaloboss,Shows,Cinema & Actors/actresses,19200000,Colombia,247300,305100
linatejeiro,Cinema & Actors/actresses,,9200000,Colombia,237700,287000
greeicy,Shows,Cinema & Actors/actresses,20400000,Colombia,201400,270900
luisafernandaw,Lifestyle,Beauty,16900000,Colombia,106300,162100
mosalah,Sports with a ball,,49000000,Egypt,1200000,1700000
yasminabdelaziz_,Cinema & Actors/actresses,,15400000,Egypt,185700,219900
yasmine_sabri,Cinema & Actors/actresses,Lifestyle,18400000,Egypt,158400,222800
tamerhosny,Music,Cinema & Actors/actresses,22000000,Egypt,110500,134100
mohamedramadanws,Music,,20100000,Egypt,93900,129900
k.mbappe,Sports with a ball,,68900000,France,3000000,4300000
karimbenzema,Sports with a ball,,47400000,France,981200,1400000
tommyinnit,Lifestyle,,3600000,France,724800,817400
xsqueezie,Music,Lifestyle,7600000,France,519400,607300
nabilla,Beauty,,7200000,France,266800,367400
memphisdepay,Sports with a ball,,14200000,France,191600,339100
bibisbeautypalace,Family,Lifestyle,7800000,Germany,322700,369600
toni.kr8s,Sports with a ball,,31900000,Germany,178800,244100
fcbayern,Sports with a ball,,31800000,Germany,115000,167400
cristiano,Sports with a ball,,419600000,India,5700000,7000000
zayn,Music,,44900000,India,3700000,5800000
virat.kohli,Sports with a ball,,188100000,India,3100000,3400000
oliviarodrigo,Music,Cinema & Actors/actresses,22900000,India,2800000,3500000
georginagio,Lifestyle,Fashion,36500000,India,2500000,3500000
rashmika_mandanna,Beauty,Art/Artists,30000000,India,1700000,2000000
alluarjunonline,Cinema & Actors/actresses,,17600000,India,1600000,2000000
robertdowneyjr,Cinema & Actors/actresses,,51900000,India,1600000,2100000
miakhalifa,Fitness & Gym,Lifestyle,27700000,India,1500000,2300000
narendramodi,Finance & Economics,Business & Careers,66500000,India,1500000,1700000
vickykaushal09,Cinema & Actors/actresses,,13200000,India,1300000,1500000
danbilzerian,Cinema & Actors/actresses,,32800000,India,1300000,2100000
aliaabhatt,Cinema & Actors/actresses,,61800000,India,1200000,1500000
rohitsharma45,Sports with a ball,Lifestyle,23300000,India,1100000,1200000
anushkasharma,Cinema & Actors/actresses,,57500000,India,1100000,1300000
shraddhakapoor,Cinema & Actors/actresses,,70500000,India,1100000,1300000
katrinakaif,Beauty,,62900000,India,1000000,1100000
thedeverakonda,Cinema & Actors/actresses,,14800000,India,984900,1200000
ratantata,Business & Careers,,5900000,India,952200,1100000
janhvikapoor,Lifestyle,Cinema & Actors/actresses,16100001,India,951300,1100000
dishapatani,Cinema & Actors/actresses,Lifestyle,49600000,India,909300,1100000
carryminati,Computers & Gadgets,Machinery & Technologies,15000000,India,885800,1000000
norafatehi,Cinema & Actors/actresses,Music,38600000,India,865800,1100000
hardikpandya93,Sports with a ball,,20600000,India,860300,1100000
ashishchanchlani,Cinema & Actors/actresses,,13300000,India,832600,1000000
hegdepooja,Cinema & Actors/actresses,,18800000,India,831700,959300
kiaraaliaadvani,Cinema & Actors/actresses,,22100000,India,828800,939300
akshaykumar,Cinema & Actors/actresses,,61100000,India,815300,971000
thenameisyash,Cinema & Actors/actresses,,5900000,India,813100,964900
rohittt_09_,Shows,Lifestyle,21200000,India,788700,1100000
chrishemsworth,Cinema & Actors/actresses,,54000000,India,776600,998100
bhuvan.bam22,Cinema & Actors/actresses,,14200000,India,741000,915800
iamsrk,Cinema & Actors/actresses,,28600000,India,717000,909700
shakira,Music,,71900000,India,691100,947200
kapilsharma,Cinema & Actors/actresses,Shows,39800000,India,690200,789300
dhanushkraja,Cinema & Actors/actresses,,4200000,India,685100,886300
rahulkl,Sports with a ball,,11900000,India,676900,788500
nehakakkar,Music,,68500000,India,664800,774400
keerthysureshofficial,Fashion,Cinema & Actors/actresses,12500000,India,650700,743600
priyankachopra,Cinema & Actors/actresses,,75700000,India,643000,778200
hrithikroshan,Cinema & Actors/actresses,,41900000,India,638300,805300
jannatzubair29,Cinema & Actors/actresses,,41200000,India,614700,748600
sidmalhotra,Cinema & Actors/actresses,Modeling,18700000,India,602400,750000
alwaysramcharan,Lifestyle,Cinema & Actors/actresses,5600000,India,596800,668300
samantharuthprabhuoffl,Beauty,Modeling,22900000,India,584900,701500
kritisanon,Modeling,,47300000,India,565500,658200
nasa,Science,Photography,75300000,India,564500,653200
smriti_mandhana,Sports with a ball,,5900000,India,550900,637700
abdevilliers17,Sports with a ball,Lifestyle,17200000,India,534000,615900
urstrulymahesh,Cinema & Actors/actresses,,8100000,India,527500,580400
kajalaggarwalofficial,Cinema & Actors/actresses,,21700000,India,527300,638000
nameisnani,Sports with a ball,,4800000,India,517800,559000
anupamaparameswaran96,Cinema & Actors/actresses,,11400000,India,510400,583300
shahidkapoor,Cinema & Actors/actresses,,33500000,India,506700,574100
davidbeckham,Family,Sports with a ball,71900000,India,500400,641100
rishabpant,Sports with a ball,,6100000,India,496500,589600
emilia_clarke,Cinema & Actors/actresses,,27000000,India,490500,617200
alexandradaddario,Cinema & Actors/actresses,,22400000,India,487900,596600
beingsalmankhan,Cinema & Actors/actresses,Art/Artists,50700000,India,474600,604400
kartikaaryan,Cinema & Actors/actresses,,23800000,India,472200,588200
jaspritb1,Lifestyle,,9500000,India,466500,536000
awez_darbar,Shows,Humor & Fun & Happiness,17800000,India,466000,558400
tomcruise,Cinema & Actors/actresses,,6200000,India,465000,645700
angelrai07,Humor & Fun & Happiness,,14900000,India,462200,557400
shreyas41,Sports with a ball,Lifestyle,5900000,India,461700,575700
geneliad,Cinema & Actors/actresses,,9600000,India,444400,550600
justinbieber,Music,,227000000,India,439100,638200
leaelui,Modeling,Lifestyle,11700000,India,428400,719500
tejasswiprakash,Beauty,,5500000,India,424700,513400
varundvn,Cinema & Actors/actresses,,40900000,India,403400,492300
riyaz.14,Lifestyle,Art/Artists,26100000,India,399800,519500
shehnaazgill,Cinema & Actors/actresses,Music,11300000,India,396800,496300
i_nivethathomas,Cinema & Actors/actresses,,5900000,India,395300,447000
anushkasen0408,Cinema & Actors/actresses,,34500000,India,379100,443800
nazriyafahadh,Lifestyle,,5500000,India,371800,497800
kareenakapoorkhan,Lifestyle,Cinema & Actors/actresses,8900000,India,367400,458300
djsnake,Music,,9100000,India,362200,429600
mr_faisu_07,Modeling,Cinema & Actors/actresses,26900000,India,362000,462100
parineetichopra,Cinema & Actors/actresses,,35200000,India,357500,412100
lisakudrow,Cinema & Actors/actresses,,8500000,India,356600,475700
instagram,Photography,,487200000,India,352300,467400
nita_shilimkar,Fashion,Modeling,10300000,India,351100,464900
deepikapadukone,Cinema & Actors/actresses,,65500000,India,347200,450300
marshmellomusic,Music,,29200000,India,345600,406600
tamannaahspeaks,Music,Cinema & Actors/actresses,15900000,India,344400,401900
rakulpreet,Cinema & Actors/actresses,Modeling,19200000,India,334100,392500
sachintendulkar,Sports with a ball,Lifestyle,33500000,India,333400,399900
tigerjackieshroff,Cinema & Actors/actresses,,33800000,India,331600,405000
sureshraina3,Modeling,,19100000,India,328700,371300
jenniferwinget1,Cinema & Actors/actresses,,12300000,India,322300,391700
jacquelinef143,Cinema & Actors/actresses,,59300000,India,322000,391800
sonu_sood,Cinema & Actors/actresses,,14100000,India,321300,367600
courteneycoxofficial,Cinema & Actors/actresses,,12100000,India,319900,421900
esbilgic,Lifestyle,Modeling,6700000,India,319100,407100
ananyapanday,Cinema & Actors/actresses,,21900000,India,318200,371800
ranveersingh,Cinema & Actors/actresses,Modeling,38900000,India,314700,408400
justinbieber,Music,,227400000,India,314200,445300
sunnyleone,Beauty,Cinema & Actors/actresses,51500000,India,312800,421700
yuzi_chahal23,Lifestyle,Sports with a ball,7500000,India,311500,379500
therock,Cinema & Actors/actresses,Fitness & Gym,307000000,India,303400,396000
madhuridixitnene,Music,Cinema & Actors/actresses,30600000,India,297200,343100
ileana_official,Cinema & Actors/actresses,,14100000,India,286000,347700
riteishd,Art/Artists,Cinema & Actors/actresses,13800000,India,282200,328900
avneetkaur_13,Cinema & Actors/actresses,,30500000,India,281300,341100
dean.schneider,Animals,,10100000,India,271500,348200
shikhardofficial,Sports with a ball,,10800000,India,261000,298400
raashiikhanna,Cinema & Actors/actresses,Music,8100000,India,256601,305900
francety,Adult content,,10600000,India,250400,328300
saraalikhan95,Cinema & Actors/actresses,,39700000,India,247900,302000
aishwaryaraibachchan_arb,Cinema & Actors/actresses,,10000000,India,247600,316500
alvaromorte,Cinema & Actors/actresses,,12400000,India,244500,334700
annemarie,Shows,Music,9200000,India,242500,339600
katherinelangford,Cinema & Actors/actresses,,25700000,India,241900,346400
imouniroy,Cinema & Actors/actresses,,22600000,India,238900,290700
davidwarner31,Sports with a ball,,9100000,India,238200,279700
nehasharmaofficial,Cinema & Actors/actresses,,13900000,India,232800,267600
marvelstudios,Cinema & Actors/actresses,Comics & sketches,36100000,India,225500,252600
indiancricketteam,Sports with a ball,,23900000,India,223200,260300
beberexha,Music,Lifestyle,10800000,India,221500,327000
paulwalker,Cinema & Actors/actresses,,14600000,India,217200,297800
mohanshakti,Art/Artists,Cinema & Actors/actresses,14900000,India,207000,248000
darshanravaldz,Music,,14800000,India,205900,249100
diljitdosanjh,Cinema & Actors/actresses,,12900000,India,203300,244700
urvashirautela,Cinema & Actors/actresses,,46400000,India,193400,229900
realhinakhan,Cinema & Actors/actresses,,16700000,India,189500,233600
arishfakhan138,Cinema & Actors/actresses,,28000000,India,183100,221400
dqsalmaan,Cinema & Actors/actresses,,10200000,India,176800,239600
lamborghini,Luxury,Cars & Motorbikes,31600000,India,174400,240500
anjimaxuofficially,Lifestyle,,11100000,India,173300,221200
divyankatripathidahiya,Shows,Cinema & Actors/actresses,18900000,India,146500,168200
sonamkapoor,Fashion,Modeling,31900000,India,145800,173500
gima_ashi,Lifestyle,,13900000,India,145100,197800
shreyaghoshal,Music,,23700000,India,127700,142500
amandacerny,Humor & Fun & Happiness,,24100000,India,112900,180600
gururandhawa,Music,,31500000,India,110800,135400
aslisona,Cinema & Actors/actresses,Lifestyle,21400000,India,110200,134100
theshilpashetty,Cinema & Actors/actresses,,24800000,India,107100,124000
amitabhbachchan,Cinema & Actors/actresses,,30000000,India,88500,103600
apple,Computers & Gadgets,Photography,27400000,India,83400,111200
bmw,Cars & Motorbikes,,33100000,India,73100,97600
fifaworldcup,Sports with a ball,,25500000,India,71200,109100
juventus,Sports with a ball,,52900000,India,61800,89400
lalalalisa_m,Music,,75700000,Indonesia,7500000,8600000
jennierubyjane,Music,,64800000,Indonesia,6200000,7400000
roses_are_rosie,Music,,57500000,Indonesia,4800000,5500000
sooyaaa__,Music,Beauty,58600000,Indonesia,4700000,5400000
eunwo.o_c,Music,Lifestyle,27400000,Indonesia,3600000,4500000
actorleeminho,Cinema & Actors/actresses,,28900000,Indonesia,2800000,3700000
bn_sj2013,Cinema & Actors/actresses,Modeling,21400000,Indonesia,2500000,2900000
bts.bighitofficial,Music,,61700000,Indonesia,2400000,2600000
jongsuk0206,Cinema & Actors/actresses,,22200000,Indonesia,2200000,2900000
phs1116,Business & Careers,,9500000,Indonesia,2000000,2600000
taehyung.bighitentertainment,Management & Marketing,Music,10300000,Indonesia,2000000,2100000
oohsehun,Music,,22900000,Indonesia,1900000,2400000
skawngur,Cinema & Actors/actresses,,17800000,Indonesia,1800000,2500000
hi_songjoongki,Cinema & Actors/actresses,,8800000,Indonesia,1700000,2400000
bbrightvc,Cinema & Actors/actresses,,13500000,Indonesia,1700000,2000000
realstraykids,Music,,20100000,Indonesia,1700000,2000000
dntlrdl,Lifestyle,,5900000,Indonesia,1500000,2000000
kimjuncotton,Lifestyle,,9700000,Indonesia,1400000,1700000
renebaebae,Lifestyle,Modeling,9900000,Indonesia,1400000,1700000
clean_0828,Lifestyle,,5500000,Indonesia,1300000,1600000
johnnyjsuh,Lifestyle,Music,8100000,Indonesia,1300000,1600000
xeesoxee,Lifestyle,,8900000,Indonesia,1300000,1700000
ssinz7,Music,Cinema & Actors/actresses,13500000,Indonesia,1300000,1600000
zkdlin,Music,,13900000,Indonesia,1300000,1600000
twicetagram,Music,Modeling,24600000,Indonesia,1300000,1600000
imhyoseop,Lifestyle,,6000000,Indonesia,1200000,1400000
suga_bighitentertainment,Lifestyle,,7900000,Indonesia,1200000,1400000
jin_bighitentertainment,Lifestyle,,8500000,Indonesia,1200000,1400000
min9yu_k,Music,,6000000,Indonesia,1100000,1300000
m_kayoung,Cinema & Actors/actresses,,7900000,Indonesia,1100000,1500000
tenlee_1001,Music,,9400000,Indonesia,1100000,1400000
_imyour_joy,Lifestyle,,13500000,Indonesia,1100000,1400000
blackpinkofficial,Music,,46200000,Indonesia,1100000,1400000
leedongwook_official,Cinema & Actors/actresses,,14100000,Indonesia,1000000,1400000
heybiblee,Modeling,,13500000,Indonesia,971100,1300000
jichangwook,Cinema & Actors/actresses,,19200000,Indonesia,920200,1200000
somsomi0309,Music,,13900000,Indonesia,894600,1100000
mingue.k,Shows,,3300000,Indonesia,893500,1100000
jinyoung_0922jy,Music,,9300000,Indonesia,881400,1200000
skuukzky,Clothing & Outfits,Music,17500000,Indonesia,871400,1100000
riaricis1795,Lifestyle,,30300000,Indonesia,868200,1100000
hi_sseulgi,Modeling,,11900000,Indonesia,849600,1100000
kun11xd,Lifestyle,,6500000,Indonesia,802400,1000000
nct127,Music,,13700000,Indonesia,787200,972300
xxxibgdrgn,Photography,Fashion,20600000,Indonesia,785300,999100
rachel_mypark,Cinema & Actors/actresses,,9700000,Indonesia,784600,977100
itzy.all.in.us,Music,,15800000,Indonesia,761500,930800
bighit_ent,Music,,13000000,Indonesia,721300,888500
bobbyindaeyo,Music,,3400000,Indonesia,679100,791200
kyo1122,Cinema & Actors/actresses,,12900000,Indonesia,636200,810500
nct,Music,,13600000,Indonesia,624900,819900
yerimiese,Lifestyle,,10100000,Indonesia,620300,768100
xuminghao_o,Music,,4300000,Indonesia,615900,776200
fadiljaidi,Lifestyle,,7000000,Indonesia,581500,873000
yoona__lim,Cinema & Actors/actresses,,13200000,Indonesia,571600,683200
youngdae0302,Music,,3800000,Indonesia,561400,741400
yejinhand,Cinema & Actors/actresses,,6000000,Indonesia,537100,699000
wdohwan,Cinema & Actors/actresses,,4400000,Indonesia,504800,669000
marcmarquez93,Racing Sports,,6600000,Indonesia,478200,634500
__youngbae__,Music,,12700000,Indonesia,478000,542300
thariqhalilintar,Shows,,6500000,Indonesia,476900,590200
aurelie.hermansyah,Beauty,,25300000,Indonesia,475200,601100
daniel.k.here,Lifestyle,,4800000,Indonesia,458900,577400
fcbarcelona,Sports with a ball,,107100000,Indonesia,450100,687900
jessicajane99,Lifestyle,,6000000,Indonesia,441400,582300
jeromepolin,Education,Humor & Fun & Happiness,6500000,Indonesia,424200,622400
zachking,Shows,Humor & Fun & Happiness,24500000,Indonesia,413900,637700
nianaguerrero,Music,Kids & Toys,14000000,Indonesia,410600,514800
bumkeyk,Music,,9000000,Indonesia,376300,451600
lestykejora,Music,,24900000,Indonesia,372900,484000
vousmevoyez,Music,Cinema & Actors/actresses,10100000,Indonesia,366600,475800
sooyoungchoi,Beauty,Lifestyle,6900000,Indonesia,348900,420700
redvelvet.smtown,Music,Beauty,11400000,Indonesia,327900,398900
rizkybillar,Shows,Beauty,12600000,Indonesia,322100,414800
valeyellow46,Racing Sports,,13300000,Indonesia,310500,405300
syifahadjureal,Modeling,,14900000,Indonesia,295700,365000
dindahw,Cinema & Actors/actresses,,13900000,Indonesia,288800,431500
iqbaal.e,Cinema & Actors/actresses,,13400000,Indonesia,271400,465900
hztttao,Music,,11300000,Indonesia,253100,281300
sandrinna_11,Lifestyle,,10400000,Indonesia,252200,321600
bebytsabina,Modeling,,7100000,Indonesia,243400,373900
tiffanyyoungofficial,Modeling,Fashion,11600000,Indonesia,240500,301200
natashawilona12,Beauty,,37500000,Indonesia,233300,278600
baifernbah,Lifestyle,,10400000,Indonesia,224500,284600
9gag,Humor & Fun & Happiness,,58300000,Indonesia,214700,276900
amandamanopo,Modeling,Beauty,15200000,Indonesia,189600,250500
anyageraldine,Music,,10700000,Indonesia,182300,305200
rachelvennya,Kids & Toys,Family,6700000,Indonesia,176400,372500
jokowi,Finance & Economics,,45800000,Indonesia,158000,196000
bclsinclair,Music,,20200000,Indonesia,153500,242600
attahalilintar,Art/Artists,Shows,23100000,Indonesia,140200,192300
chelseafc,Sports with a ball,,33200001,Indonesia,115700,172400
maudyayunda,Music,,15400000,Indonesia,110900,163500
bramastavrl,Cinema & Actors/actresses,Lifestyle,23700000,Indonesia,109100,138900
felicyangelista_,Family,,21000000,Indonesia,107000,147800
dagelan,Humor & Fun & Happiness,,20600000,Indonesia,83400,140500
sarwendah29,Music,Lifestyle,30800000,Indonesia,75400,89200
inijedar,Cinema & Actors/actresses,,29400000,Indonesia,74500,99700
ruben_onsu,Cinema & Actors/actresses,Shows,37900000,Indonesia,64200,79500
raisa6690,Music,,30400000,Indonesia,60600,94000
prillylatuconsina96,Cinema & Actors/actresses,Music,46600000,Indonesia,56400,81600
raffinagita1717,Shows,,60600000,Indonesia,37400,52500
eminem,Cinema & Actors/actresses,Music,35600000,Iran,771200,993500
yastunes,Music,,8000000,Iran,644000,894000
alidaei,Sports with a ball,,8000000,Iran,555800,937000
navidmohammadzadeh,Cinema & Actors/actresses,,8200000,Iran,541400,764000
mehraadjam,Music,,4700000,Iran,385000,564100
donya,Fashion,,14700000,Iran,379800,596700
sinavaliollah,Shows,,6800000,Iran,376400,474700
milad_khahhh,Lifestyle,,5600000,Iran,365100,512701
realshadmehr,Music,,7600000,Iran,330200,460800
hassan_reyvandi,Cinema & Actors/actresses,Humor & Fun & Happiness,18700000,Iran,330100,456500
aliiiiiiiikarimi8,Sports with a ball,,9100000,Iran,328700,495100
golfarahani,Cinema & Actors/actresses,,12600000,Iran,307500,395700
perspolis,Sports with a ball,,7600000,Iran,276500,393200
elnazshakerdoost,Cinema & Actors/actresses,,9500000,Iran,219000,295700
saharghoreyshiofficialpage,Lifestyle,,10700000,Iran,193800,283900
ebi,Music,,10300000,Iran,193600,260500
rezagolzar,Cinema & Actors/actresses,,11700000,Iran,178500,263100
mahnaz_afshar,Cinema & Actors/actresses,Lifestyle,15700000,Iran,154300,212900
mercedesbenz,Cars & Motorbikes,Luxury,35300000,Iran,75000,106800
aboflah,Humor & Fun & Happiness,,7200000,Iraq,793400,949400
anasmarwah,Family,Shows,5500000,Iraq,431800,557500
asalamaleh,Shows,,6600000,Iraq,415900,514500
noorstars,Shows,,12600000,Iraq,149500,199600
nancyajram,Music,,32400000,Iraq,140300,179500
fedez,Music,,13700000,Italy,725500,1000000
maneskinofficial,Lifestyle,,6000000,Italy,519400,733500
charles_leclerc,Racing Sports,,6600000,Italy,473900,629200
chiaraferragni,Beauty,,26700000,Italy,372000,616600
maluma,Music,,61600000,Italy,329200,507600
fabriziorom,Literature & Journalism,Shows,6400000,Italy,328900,570600
canyaman,Cinema & Actors/actresses,Modeling,9300000,Italy,324400,402800
iamzlatanibrahimovic,Sports with a ball,,52900000,Italy,306700,473100
f1,Racing Sports,,18300000,Italy,266600,337700
violets.tv,Adult content,,13500000,Italy,221300,303500
kingarturo23oficial,Sports with a ball,,16700000,Italy,120800,194800
alvaromorata,Sports with a ball,Literature & Journalism,16200000,Italy,113100,175200
kentooyamazaki,Cinema & Actors/actresses,,4900000,Japan,583000,677100
watanabenaomi703,Cinema & Actors/actresses,Humor & Fun & Happiness,9700000,Japan,339000,361000
karolg,Music,,50800000,Mexico,4500000,5400000
dualipa,Music,,81600000,Mexico,2200000,2700000
elrubiuswtf,Computers & Gadgets,,16200000,Mexico,1400000,1500000
domelipa,Lifestyle,,17200000,Mexico,1100000,1300000
iamferv,Lifestyle,Art/Artists,8800000,Mexico,1000000,1500000
kimberly.loaiza,Clothing & Outfits,Lifestyle,33900000,Mexico,995000,1200000
luisitocomunica,Humor & Fun & Happiness,Clothing & Outfits,31700000,Mexico,939800,1200000
dannapaola,Music,,33500000,Mexico,931600,1300000
lelepons,Music,,47700000,Mexico,724300,1100000
iambeckyg,Music,,31200000,Mexico,679200,817400
manurios,Shows,,9900000,Mexico,572700,966000
elrodrigocontreras,Lifestyle,,12700000,Mexico,563100,620800
lizgillz,Music,Cinema & Actors/actresses,13900000,Mexico,563000,816300
keniaos,Music,,12600000,Mexico,545200,709000
juandediospantoja,Music,Art/Artists,21500000,Mexico,519100,591800
amadorat,Fashion,Lifestyle,8100000,Mexico,505000,564400
juki_lop,Shows,Family,9100000,Mexico,493000,573300
yuyacst,Modeling,,17100000,Mexico,389800,598200
ladivaza,Music,Modeling,6800000,Mexico,388900,474500
nicolegarcia,Lifestyle,,5300000,Mexico,384900,503400
juanpazurita,Cinema & Actors/actresses,,28600000,Mexico,341700,485800
soydannyalfaro,Beauty,,8000000,Mexico,329400,377400
alejandrospeitzer,Lifestyle,,5100000,Mexico,313300,488600
angela_aguilar_,Lifestyle,,8200000,Mexico,285500,346000
nattinatasha,Music,Cinema & Actors/actresses,35400000,Mexico,281100,338300
jbalvin,Music,,51900000,Mexico,273600,363000
nodal,Music,,8400000,Mexico,252400,415500
ederbez,Cinema & Actors/actresses,Lifestyle,18100000,Mexico,248300,278900
aislinnderbez,Cinema & Actors/actresses,,12000000,Mexico,235700,295400
kimshantal,Music,,11600000,Mexico,203300,237800
canelo,Fitness & Gym,,12800000,Mexico,203000,282200
lunay,Music,,10300000,Mexico,202600,296600
kevinroldankr,Music,,10100000,Mexico,180200,291400
manelyk_oficial,Music,,14100000,Mexico,179500,240400
martingarrix,Music,,15600000,Mexico,152800,216300
belindapop,Music,,14900000,Mexico,136700,197000
achrafhakimi,Sports with a ball,,8800000,Morocco,520000,764500
hziyech,Sports with a ball,,6000000,Morocco,348400,476000
kawtarbamo,Cinema & Actors/actresses,,7200000,Morocco,275900,374100
wizkidayo,Music,,14200000,Nigeria,243300,473400
davido,Music,,23300000,Nigeria,184900,259300
winmetawin,Lifestyle,,11700000,Philippines,1300000,1500000
kittychicha,Lifestyle,,4200000,Philippines,678800,823400
bernardokath,Beauty,Cinema & Actors/actresses,16800000,Philippines,452700,545400
nadine,Music,Shows,11100000,Philippines,319900,354600
lizasoberano,Beauty,Cinema & Actors/actresses,16900000,Philippines,243100,289900
blythe,Cinema & Actors/actresses,Modeling,13400000,Philippines,196900,224100
annecurtissmith,Music,Cinema & Actors/actresses,17800000,Philippines,134700,152300
_rl9,Sports with a ball,,25000000,Poland,588600,749000
ester_exposito,Cinema & Actors/actresses,,29000000,Russia,2900000,4300000
madelame,Cinema & Actors/actresses,,25300000,Russia,1300000,1800000
mikhail_litvin,Shows,,14600000,Russia,972000,1200000
samoylovaoxana,Family,Lifestyle,15200000,Russia,897600,1200000
thebursin,Cinema & Actors/actresses,,10300000,Russia,891200,1200000
ler_chek,Lifestyle,Beauty,10500000,Russia,713000,923300
brianmaps,Photography,,5800000,Russia,608400,627900
gusein.gasanov,Shows,,21000000,Russia,524500,786100
nadin_serovski,Family,Lifestyle,9400000,Russia,515701,710100
goar_avetisyan,Beauty,,11500000,Russia,510500,707900
realbarbarapalvin,Modeling,Fashion,17500000,Russia,480200,649000
pugachevmark,Cars & Motorbikes,Luxury,10000000,Russia,358100,525900
pokrov90,Shows,,7300000,Russia,350300,408100
helen_yes1,Cinema & Actors/actresses,,10500000,Russia,342400,442600
egorkreed,Music,,14700000,Russia,322600,396900
_agentgirl_,Shows,,18800000,Russia,310800,377900
subo_m,Shows,,9000000,Russia,294200,360400
khabib_nurmagomedov,Fitness & Gym,,33300000,Russia,252600,353300
dava_m,Business & Careers,,13700000,Russia,166000,215900
timatiofficial,Music,Fitness & Gym,18000000,Russia,151200,202400
borodylia,Shows,Family,18200000,Russia,123000,153200
irinashayk,Modeling,,17900000,Russia,121800,169000
hakkiakdenizz,Business & Careers,,17600000,Russia,120200,174400
djokernole,Sports with a ball,,10400000,Serbia,195700,240900
dlwlrma,Art/Artists,,25800000,South Korea,2900000,3500000
hi_high_hiy,Cinema & Actors/actresses,,12900000,South Korea,2600000,3000000
hoooooyeony,Lifestyle,,23700000,South Korea,2000000,2700000
_seorina,Lifestyle,Cinema & Actors/actresses,3000000,South Korea,803900,997800
taeyeon_ss,Music,,18300000,South Korea,762000,925800
leeyoum262,Photography,Humor & Fun & Happiness,8100000,South Korea,562700,688800
hyeri_0609,Music,,7000000,South Korea,447600,539000
hyunah_aa,Music,,17600000,South Korea,378100,448700
ibaillanos,Art/Artists,,6800000,Spain,859100,1200000
rosalia.vt,Music,,19500000,Spain,737000,967100
sergioramos,Sports with a ball,,49700000,Spain,606900,930300
anuel,Music,,27900000,Spain,586000,892100
zidane,Sports with a ball,,31200000,Spain,546000,744100
frenkiedejong,Sports with a ball,,10000000,Spain,528600,792500
rogerfederer,Sports with a ball,,9200000,Spain,484700,627900
ansufati,Sports with a ball,,8000000,Spain,475200,721000
o.dembele7,Sports with a ball,,10300000,Spain,468600,804000
3gerardpique,Sports with a ball,,19800000,Spain,446100,658800
grefg_official,Computers & Gadgets,Machinery & Technologies,7100000,Spain,440100,546100
lukamodric10,Sports with a ball,,21600000,Spain,419800,616300
xavi,Sports with a ball,,8100000,Spain,419400,629100
marcelotwelve,Sports with a ball,,53000000,Spain,413500,622200
realmadrid,Sports with a ball,,113000000,Spain,407200,563100
garethbale11,Sports with a ball,,46300000,Spain,402200,633900
433,Sports with a ball,,48500000,Spain,383100,637000
rauwalejandro,Music,,13700000,Spain,382400,553000
willyrex,Shows,,8600000,Spain,324100,385100
davidalaba,Sports with a ball,,8500000,Spain,301400,426700
mterstegen1,Sports with a ball,,13300000,Spain,280000,422000
mariapedraza_,Cinema & Actors/actresses,,12000000,Spain,279600,369000
miguel_bernardeau,Cinema & Actors/actresses,,7000000,Spain,260800,384500
rafaelnadal,Sports with a ball,,14000000,Spain,228700,286300
myketowers,Music,,9400000,Spain,207900,376100
antogriezmann,Sports with a ball,,35500000,Spain,205300,329600
raphaelvarane,Sports with a ball,,18400000,Spain,200800,301400
marcoasensio10,Sports with a ball,,13600000,Spain,194300,298300
ozuna,Music,,22200000,Spain,167100,225300
casemiro,Sports with a ball,,14000000,Spain,149800,224100
iscoalarcon,Sports with a ball,,23300000,Spain,142700,206200
jordialbaoficial,Sports with a ball,,14100000,Spain,135700,196300
andresiniesta8,Sports with a ball,,39000000,Spain,91500,132300
easportsfifa,Sports with a ball,,25800000,Spain,70900,118300
narins_beauty,Lifestyle,,8400000,Syria,351600,429000
marktuan,Music,Cinema & Actors/actresses,12100000,Thailand,667100,877200
yugyeom,Music,Art/Artists,10800000,Thailand,634200,821700
333cyj333,Music,,6500000,Thailand,359300,427700
davikah,Modeling,,15900000,Thailand,355300,460800
urassayas,Cinema & Actors/actresses,Modeling,11400000,Thailand,181600,220800
aum_patchrapa,Cinema & Actors/actresses,Lifestyle,14100000,Thailand,150300,179200
handemiyy,Cinema & Actors/actresses,,27300000,Turkey,2100000,2800000
neslihanatagul,Cinema & Actors/actresses,Modeling,13000000,Turkey,670600,842600
cznburak,Food & Cooking,,32900000,Turkey,615200,836000
burcuozberk,Cinema & Actors/actresses,,9000000,Turkey,560900,725600
m10_official,Sports with a ball,,24000000,Turkey,526600,738300
burakozcivit,Cinema & Actors/actresses,,20500000,Turkey,492800,597500
reynmen,Music,Cinema & Actors/actresses,7000000,Turkey,418000,531500
evcenf,Lifestyle,Beauty,12800000,Turkey,375600,473300
demetozdemir,Cinema & Actors/actresses,,15000000,Turkey,335600,449000
araikgalstyanmoscowschool,Beauty,,13000000,Turkey,323000,416700
aykutelmas,Cinema & Actors/actresses,Photography,6800000,Turkey,321000,376500
elcinsangu,Cinema & Actors/actresses,Lifestyle,8300001,Turkey,284600,342800
galatasaray,Sports with a ball,,11100000,Turkey,254400,307800
acunilicali,Cinema & Actors/actresses,,13600000,Turkey,233800,286300
hadise,Music,Shows,13700000,Turkey,220700,257200
nusr_et,Food & Cooking,,43500000,Turkey,192900,285400
zelenskiy_official,Cinema & Actors/actresses,Business & Careers,16400000,Ukraine,174000,208100
faz3,Lifestyle,,14000000,United Arab Emirates,257300,337900
mimikeene3,Cinema & Actors/actresses,,4300000,United Kingdom,765800,1400000
ksi,Music,,11200000,United Kingdom,611700,857500
sanchooo10,Sports with a ball,,8300001,United Kingdom,411400,719600
staceysolomon,Family,,5100000,United Kingdom,409700,493600
marcusrashford,Sports with a ball,,12700000,United Kingdom,401900,635500
auba,Sports with a ball,,12000000,United Kingdom,379300,602100
sadiomaneofficiel,Sports with a ball,,10400000,United Kingdom,350700,500300
d_degeaofficial,Sports with a ball,,12900000,United Kingdom,306800,434400
trentarnold66,Lifestyle,Sports with a ball,6600000,United Kingdom,298900,438300
kevindebruyne,Sports with a ball,,16800000,United Kingdom,247500,382900
virgilvandijk,Sports with a ball,,11500000,United Kingdom,235400,333600
zoesugg,Lifestyle,Business & Careers,9400000,United Kingdom,208700,289300
jesselingard,Sports with a ball,,9500000,United Kingdom,192100,294500
harrykane,Sports with a ball,,12300000,United Kingdom,148300,204400
anthonyjoshua,Fitness & Gym,,13600000,United Kingdom,142000,192800
waynerooney,Sports with a ball,Lifestyle,15500000,United Kingdom,139800,201400
manchesterunited,Sports with a ball,,56500000,United Kingdom,116600,188800
liverpoolfc,Sports with a ball,,36700000,United Kingdom,100200,138200
arsenal,Sports with a ball,,21500000,United Kingdom,79900,120000
premierleague,Sports with a ball,,55400000,United Kingdom,49500,69500
xxxtentacion,Music,,20200000,United States,11800000,20800000
kyliejenner,Fashion,Modeling,323300000,United States,7600000,12300000
zendaya,Cinema & Actors/actresses,Fashion,136100000,United States,6400000,8600000
kendalljenner,Modeling,Fashion,227400000,United States,3400000,5500000
selenagomez,Music,Lifestyle,308200000,United States,3300000,4400000
arianagrande,Music,,302300000,United States,2900000,4100000
dojacat,Music,,22400000,United States,2800000,3900000
badgalriri,Music,Beauty,125100000,United States,2800000,4600000
adele,Music,,49700000,United States,2600000,3600000
billieeilish,Music,,101700000,United States,2600000,3400000
beyonce,Music,Fashion,246900000,United States,2600000,3700000
badbunnypr,Music,,38500000,United States,2500000,3900000
tchalamet,Cinema & Actors/actresses,,17500000,United States,2300000,3800000
iamcardib,Music,Fashion,127200000,United States,2300000,3300000
meganfox,Cinema & Actors/actresses,,19900000,United States,2100000,3400000
kimkardashian,Fashion,Beauty,296400000,United States,2000000,2900000
willsmith,Cinema & Actors/actresses,Music,62400000,United States,1900000,2400000
gigihadid,Modeling,Lifestyle,73200000,United States,1900000,2800000
sydney_sweeney,Lifestyle,Cinema & Actors/actresses,11800000,United States,1800000,3400000
haileybieber,Lifestyle,Modeling,42200000,United States,1800000,2400000
haileesteinfeld,Cinema & Actors/actresses,,18200000,United States,1500000,1900000
charlidamelio,Lifestyle,Shows,47700000,United States,1500000,1900000
mrbeast,Shows,Humor & Fun & Happiness,18000000,United States,1400000,1800000
travisscott,Music,,44800000,United States,1400000,2100000
playboicarti,Music,,8000000,United States,1200000,2100000
pewdiepie,Computers & Gadgets,,21900000,United States,1200000,1400000
niallhoran,Music,,29400000,United States,1200000,1800000
emmachamberlain,Lifestyle,Shows,15300000,United States,1100000,1700000
liluzivert,Music,,15800000,United States,1100000,2000000
addisonraee,Beauty,,40500000,United States,1100000,1600000
onwardwanna,Lifestyle,Cinema & Actors/actresses,5100000,United States,1000000,1700000
feliciathegoat,Music,,12400000,United States,1000000,1700000
kjapa,Cinema & Actors/actresses,,19000000,United States,1000000,1500000
khloekardashian,Clothing & Outfits,Lifestyle,230200000,United States,991100,1200000
kingjames,Sports with a ball,,116600000,United States,952900,1600000
florencepugh,Humor & Fun & Happiness,Cinema & Actors/actresses,7200000,United States,926400,1400000
brentrivera,Music,Cinema & Actors/actresses,22100000,United States,888300,1200000
jessicah_o,Music,,9700000,United States,874500,1100000
blakelively,Cinema & Actors/actresses,,32000000,United States,827100,1300000
lilnasx,Music,,12200000,United States,815500,1400000
iamhalsey,Music,,28900000,United States,793700,1000000
lexibrookerivera,Shows,Humor & Fun & Happiness,8400000,United States,778000,975400
sza,Music,,11600000,United States,748600,1300000
theweeknd,Music,,37500000,United States,725800,983900
annehathaway,Cinema & Actors/actresses,,22600000,United States,704300,928400
tyga,Music,,32400000,United States,689200,1000000
wilbursoot,Music,,3200000,United States,687500,883100
vinniehacker,Lifestyle,,5600000,United States,687000,1400000
kourtneykardash,Lifestyle,,166400000,United States,674500,961200
hichasestokes,Lifestyle,,7400000,United States,640900,959800
madisonbeer,Music,,30600000,United States,630200,940900
tylerrjoseph,Music,Art/Artists,5500000,United States,628200,941300
dovecameron,Cinema & Actors/actresses,,46400000,United States,618500,807200
itsmarziapie,Beauty,Lifestyle,8200000,United States,603200,705100
zacefron,Cinema & Actors/actresses,,52100000,United States,598700,869300
gal_gadot,Cinema & Actors/actresses,,77000000,United States,597500,771600
sav.labrant,Family,Lifestyle,7000000,United States,597100,798400
zoeisabellakravitz,Cinema & Actors/actresses,,8200000,United States,583000,885500
maudeapatow,Lifestyle,Cinema & Actors/actresses,4800000,United States,577000,955100
bellahadid,Modeling,,50600000,United States,566900,905300
imsebastianstan,Shows,Cinema & Actors/actresses,9000000,United States,566100,672900
stephencurry30,Sports with a ball,Family,41100000,United States,565700,757600
bretmanrock,Art/Artists,Beauty,18300000,United States,551000,927900
loganpaul,Fitness & Gym,,22500000,United States,549400,733800
ana_d_armas,Cinema & Actors/actresses,Lifestyle,6100000,United States,543400,735300
joshuadun,Music,,5800000,United States,540300,660000
maddieziegler,Cinema & Actors/actresses,Modeling,13900000,United States,533400,799900
trippieredd,Music,,12800000,United States,530700,1000000
iansomerhalder,Cinema & Actors/actresses,,22500000,United States,527600,788900
pokimanelol,Lifestyle,Shows,6000000,United States,526700,694800
sophiet,Cinema & Actors/actresses,,14900000,United States,515900,693700
jensenackles,Cinema & Actors/actresses,,9100000,United States,504600,655900
theestallion,Music,,28200000,United States,504000,879900
ladygaga,Music,Cinema & Actors/actresses,51900000,United States,498300,700000
hshq,Music,Cinema & Actors/actresses,5500000,United States,488100,859100
naileadevora,Shows,,5000000,United States,482400,712700
lilbaby,Music,,18800000,United States,475400,876500
emrata,Modeling,,29000000,United States,475400,758700
tombrady,Sports with a ball,,11800000,United States,458600,847900
michaelbjordan,Cinema & Actors/actresses,,18400000,United States,452900,751000
mileycyrus,Music,,163800000,United States,439700,594900
thenotoriousmma,Fitness & Gym,,45000000,United States,435400,631500
jlo,Music,Cinema & Actors/actresses,200800000,United States,429500,549900
vanessamorgan,Music,Cinema & Actors/actresses,9400000,United States,422300,600500
liampayne,Music,,24100000,United States,420400,585500
polo.capalot,Music,Lifestyle,10200000,United States,416900,685700
madisonbaileybabe,Lifestyle,,6700000,United States,416400,779300
cole.labrant,Lifestyle,Fashion,5000000,United States,412600,580800
ateez_official_,Music,,6300000,United States,410900,472100
julesleblanc,Music,Shows,9700000,United States,409500,592100
postmalone,Music,,22300000,United States,407300,623100
markiplier,Shows,,9800000,United States,406500,463300
fuckjerry,Humor & Fun & Happiness,,16600001,United States,405300,523100
kaliuchis,Music,,3700000,United States,399200,689700
maxverstappen1,Racing Sports,,8200000,United States,398700,524400
adamsandler,Cinema & Actors/actresses,,12700000,United States,395900,503900
demirose,Modeling,Lifestyle,19200000,United States,395900,515000
nickiminaj,Music,,181600000,United States,393700,615200
ashleygraham,Modeling,,17200000,United States,392700,519500
veradijkmans,Adult content,,5100000,United States,390300,548600
indiaroyale,Lifestyle,,4000000,United States,384500,1100000
ms_puiyi,Adult content,,17200000,United States,384000,491900
asaprocky,Music,,14600000,United States,383600,641700
colleen,Family,Fashion,7500000,United States,368300,463600
nikitadragun,Beauty,Modeling,9100000,United States,368000,562100
celestebarber,Humor & Fun & Happiness,,8900000,United States,364800,393200
daquan,Humor & Fun & Happiness,,16800000,United States,364200,561900
danielricciardo,Racing Sports,,6600000,United States,361100,469200
peytonlist,Cinema & Actors/actresses,,19700000,United States,360000,541500
amauryguichon,Food & Cooking,,6700000,United States,357300,435700
larray,Lifestyle,Modeling,6700000,United States,357000,521500
nikkietutorials,Beauty,,15600000,United States,353800,480500
colesprouse,Modeling,,36000000,United States,352700,459300
dkharbour,Cinema & Actors/actresses,,6200000,United States,352200,461500
dylansprouse,Cinema & Actors/actresses,,9300000,United States,350300,549800
ross_lynch,Music,Cinema & Actors/actresses,10000000,United States,348300,695500
obj,Sports with a ball,,15800000,United States,339500,645800
avani,Beauty,Lifestyle,18800000,United States,337000,451900
jamorant,Lifestyle,Sports with a ball,5900000,United States,332900,537800
jackharlow,Lifestyle,Music,5100000,United States,330800,618400
memezar,Cinema & Actors/actresses,,23700000,United States,325600,484700
vancityreynolds,Cinema & Actors/actresses,,42400000,United States,325200,422400
justintimberlake,Music,Art/Artists,64200000,United States,323300,432900
charlieputh,Music,,15700000,United States,320500,456200
ddlovato,Music,,128700000,United States,319800,418400
noahbeck,Sports with a ball,,9000000,United States,317300,523000
lilyjcollins,Cinema & Actors/actresses,,26900000,United States,314300,467300
normani,Lifestyle,,7000000,United States,313800,490900
offsetyrn,Music,,19700000,United States,313300,559800
mathildtantot,Lifestyle,Modeling,10300000,United States,310200,470000
shaymitchell,Beauty,Family,32600000,United States,304800,426300
claireholt,Cinema & Actors/actresses,Lifestyle,7400000,United States,304100,415400
melo,Sports with a ball,,8300001,United States,298100,605600
jamescharles,Beauty,,23300000,United States,293900,432000
dixiedamelio,Music,Clothing & Outfits,25100000,United States,293000,430300
chloegmoretz,Cinema & Actors/actresses,,20100000,United States,292900,392500
michaelclifford,Music,,5800000,United States,291900,427900
bellathorne,Music,Art/Artists,25200000,United States,289500,485700
natalee.007,Modeling,Music,6900000,United States,286600,366100
machinegunkelly,Music,,9600000,United States,284000,457500
brycehall,Music,,7500000,United States,279200,358700
jakepaul,Cinema & Actors/actresses,,19200000,United States,278200,465100
jacksepticeye,Computers & Gadgets,Machinery & Technologies,7700000,United States,277700,322300
malutrevejo,Music,,11200000,United States,277200,496800
jheneaiko,Music,,14000000,United States,273800,481100
channingtatum,Cinema & Actors/actresses,,17000000,United States,272100,393200
emmaroberts,Cinema & Actors/actresses,,17700000,United States,266400,392400
21savage,Music,,13200000,United States,263500,462000
jennaortega,Cinema & Actors/actresses,Lifestyle,7400000,United States,257101,366100
jennifer.garner,Cinema & Actors/actresses,,12500000,United States,255600,289400
cbum,Fitness & Gym,,6600000,United States,248700,410600
sommerray,Modeling,,26700000,United States,242300,381300
hannahstocking,Modeling,,21000000,United States,237200,337800
dearra,Lifestyle,,6000000,United States,236900,589900
phoebejtonkin,Beauty,Cinema & Actors/actresses,8200000,United States,236800,338600
thegirljt,Music,,5100000,United States,234400,641800
thenewclassic,Music,,15800000,United States,233600,378200
kenzie,Art/Artists,,14800000,United States,232400,353600
wolfiecindy,Modeling,Lifestyle,6900000,United States,226500,376700
victoriajustice,Music,Cinema & Actors/actresses,21800000,United States,226200,309800
romeosantos,Music,,19000000,United States,225000,277900
samsmith,Music,Fashion,14600000,United States,223900,328400
t22felton,Music,Cinema & Actors/actresses,11900000,United States,223400,289400
sarahhyland,Cinema & Actors/actresses,Lifestyle,9100000,United States,223000,278900
giannis_an34,Sports with a ball,,12300000,United States,217800,344600
laurenlondon,Cinema & Actors/actresses,Modeling,9700000,United States,217700,371600
dylanminnette,Music,Cinema & Actors/actresses,7300000,United States,215700,350400
pubity,Humor & Fun & Happiness,,31600000,United States,214500,313300
lizzobeeating,Music,Lifestyle,12100000,United States,213100,298300
salmahayek,Cinema & Actors/actresses,,20900000,United States,212100,262500
kehlani,Music,Family,13700000,United States,210500,328200
annakendrick47,Cinema & Actors/actresses,,20300000,United States,210000,274200
kingryan,Fitness & Gym,,8700000,United States,209500,316600
klaythompson,Sports with a ball,Lifestyle,11600000,United States,202300,294700
spacex,Science,Machinery & Technologies,13300000,United States,201000,244900
ciara,Music,Modeling,31300000,United States,199400,270600
kkvsh,Lifestyle,,8200000,United States,198800,336600
prattprattpratt,Cinema & Actors/actresses,,35500000,United States,193000,250900
jeremyrenner,Shows,Cinema & Actors/actresses,17200000,United States,192900,230800
c.syresmith,Cinema & Actors/actresses,Lifestyle,18600000,United States,190100,294600
thefatjewish,Humor & Fun & Happiness,,10100000,United States,186900,244400
sophiedee,Adult content,,11600000,United States,186300,248000
yungmiami305,Lifestyle,,5300000,United States,184600,547800
lucyhale,Cinema & Actors/actresses,,24300000,United States,183500,240400
jailyneojeda,Modeling,Lifestyle,14100000,United States,183100,253700
starwars,Cinema & Actors/actresses,,14900000,United States,182000,231400
humansofny,Lifestyle,Photography,11800000,United States,181900,215400
britneyspears,Music,,40200000,United States,180500,251600
marvel,Cinema & Actors/actresses,Comics & sketches,62700000,United States,180100,212500
staskaranikolaou,Lifestyle,,10800000,United States,179400,264100
50cent,Music,,27900000,United States,177500,283200
rubyrose,Modeling,,18800000,United States,171300,225700
bigsean,Music,Art/Artists,14600000,United States,169900,310300
debbyryan,Music,Cinema & Actors/actresses,16700000,United States,169400,246400
kaylanicolejones,Shows,,7300000,United States,166500,352700
nickjonas,Music,Art/Artists,32300000,United States,164000,233000
officialslystallone,Art/Artists,Cinema & Actors/actresses,14800000,United States,162900,206300
lildurk,Music,Art/Artists,13000000,United States,162100,458200
vanessahudgens,Cinema & Actors/actresses,,44800000,United States,161100,262300
teddysphotos,Music,,37700000,United States,161000,219800
chrissyteigen,Shows,Modeling,37400000,United States,158000,205500
troyesivan,Art/Artists,Fashion,12600000,United States,157200,225600
chrisbrownofficial,Music,,106000000,United States,157100,241900
lizakoshy,Cinema & Actors/actresses,,19600000,United States,156300,208800
nolimitherbo,Music,Art/Artists,7400000,United States,156200,374700
teyanataylor,Music,,14600000,United States,153900,261200
reesewitherspoon,Cinema & Actors/actresses,,27600000,United States,152500,183700
barackobama,Finance & Economics,Business & Careers,35400000,United States,148300,174600
lacikaysomers,Music,Modeling,11800000,United States,147500,253700
hilaryduff,Cinema & Actors/actresses,,20600000,United States,147300,188200
brfootball,Sports with a ball,,11900000,United States,146000,236000
saweetie,Cinema & Actors/actresses,,13100000,United States,144700,336200
bhadbhabie,Music,,16400000,United States,143100,268000
kyrieirving,Sports with a ball,,16200000,United States,142700,216800
prideofgypsies,Cinema & Actors/actresses,,16800000,United States,141000,181300
jharden13,Sports with a ball,,11700000,United States,137500,236500
loren,Fashion,Modeling,22500000,United States,137300,227300
michelleobama,Finance & Economics,Business & Careers,49100000,United States,132300,150200
leonardodicaprio,Cinema & Actors/actresses,,52800000,United States,132000,166200
caradelevingne,Modeling,Cinema & Actors/actresses,43300000,United States,130100,182800
nike,Fitness & Gym,Shopping & Retail,208900000,United States,129500,175500
jaydacheaves,Clothing & Outfits,,7000000,United States,128500,381300
pharrell,Music,,13500000,United States,126400,181100
sportscenter,Sports with a ball,Shows,30000000,United States,125800,224200
natgeo,Nature & landscapes,Science,214600000,United States,124700,145500
bugatti,Cars & Motorbikes,Luxury,16100001,United States,124100,168500
miketyson,Fitness & Gym,,18100000,United States,122800,157300
kingbach,Music,Art/Artists,22100000,United States,120600,242000
krisjenner,Shows,Beauty,46600000,United States,119600,183400
earthpix,Nature & landscapes,Photography,22700000,United States,118700,145900
taylor_hill,Art/Artists,Fashion,18900000,United States,115500,172900
kevinhart4real,Cinema & Actors/actresses,,140200000,United States,111300,141000
diddy,Music,Cinema & Actors/actresses,18400000,United States,109400,164500
sofiavergara,Cinema & Actors/actresses,,24800000,United States,109000,143000
rockstargames,Computers & Gadgets,,22300000,United States,108500,135200
thehughjackman,Cinema & Actors/actresses,,30300000,United States,107100,122400
camerondallas,Cinema & Actors/actresses,,23000000,United States,104800,182600
bleacherreport,Sports with a ball,,18400000,United States,103800,204700
quavohuncho,Music,,20800000,United States,103000,170100
fortnite,Computers & Gadgets,,26100000,United States,102100,120300
alexisren,Lifestyle,,15800000,United States,102000,158100
jimmyfallon,Shows,Humor & Fun & Happiness,21300000,United States,97200,120900
porsche,Cars & Motorbikes,,26400000,United States,97100,124400
frenchmontana,Music,,24500000,United States,91500,151600
lakers,Sports with a ball,,19300000,United States,85800,132400
warriors,Lifestyle,Sports with a ball,22200000,United States,81700,112800
playstation,Computers & Gadgets,Machinery & Technologies,28900000,United States,80500,99300
houseofhighlights,Sports with a ball,,32700001,United States,64600,117200
letthelordbewithyou,Lifestyle,Family,26500000,United States,61500,92200
snoopdogg,Lifestyle,Music,71800000,United States,60900,85500
gucci,Accessories & Jewellery,Clothing & Outfits,47900000,United States,57900,74300
adidasoriginals,Clothing & Outfits,Shopping & Retail,34200000,United States,52400,71800
natgeotravel,Nature & landscapes,Photography,45400000,United States,50600,56900
nba,Sports with a ball,,65800000,United States,40600,68200
theellenshow,Shows,Cinema & Actors/actresses,116800000,United States,29200,33300