Influencer insta name,instagram name,category_1,category_2,0,Audience country(mostly),0,0
433,433,Sports with a ball,,48500000,Spain,383100,637000
__youngbae__,TAEYANG,Music,,12700000,Indonesia,478000,542300
_agentgirl_,ĞĞĞ¡Ğ¢Ğ¯ Ğ˜Ğ’Ğ›Ğ•Ğ•Ğ’Ğ,Shows,,18800000,Russia,310800,377900
_imyour_joy,Joy,Lifestyle,,13500000,Indonesia,1100000,1400000
_jeongjaehyun,Jaehyun,,,11100000,Indonesia,2500000,3100000
_mariahwasa,HWASA,,,7900000,Brazil,915100,1200000
_rl9,Robert Lewandowski,Sports with a ball,,25000000,Poland,588600,749000
_seorina,á„‰á…¥á†¯á„‹á…µá†«á„‹á…¡ sá´‡á´Ê€ÉªÉ´á´€,Lifestyle,Cinema & Actors/actresses,3000000,South Korea,803900,997800
_shotaroo_,SHOTARO ã‚·ãƒ§ã‚¦ã‚¿ãƒ­ã‚¦,,,4900000,Indonesia,860100,1100000
03_hu,á„‡á…¡á†¨á„Œá…µá„’á…®,,,4100000,South Korea,711000,872600
21savage,,Music,,13200000,United States,263500,462000
333cyj333,Ars ğŸ—,Music,,6500000,Thailand,359300,427700
3gerardpique,Gerard PiqueÌ,Sports with a ball,,19800000,Spain,446100,658800
50cent,50 Cent,Music,,27900000,United States,177500,283200
9gag,9GAG: Go Fun The World,Humor & Fun & Happiness,,58300000,Indonesia,214700,276900
abdevilliers17,AB de Villiers,Sports with a ball,Lifestyle,17200000,India,534000,615900
aboflah,AboFlah,Humor & Fun & Happiness,,7200000,Iraq,793400,949400
achrafhakimi,Achraf Hakimi,Sports with a ball,,8800000,Morocco,520000,764500
actorleeminho,á„‹á…µá„†á…µá†«á„’á…© leeminho,Cinema & Actors/actresses,,28900000,Indonesia,2800000,3700000
actorprabhas,Prabhas,,,8200000,India,482200,540200
actorsuriya,Suriya Sivakumar,,,4100000,India,491300,637700
acunilicali,Acun IlÄ±calÄ±,Cinema & Actors/actresses,,13600000,Turkey,233800,286300
adamsandler,Adam Sandler,Cinema & Actors/actresses,,12700000,United States,395900,503900
addisonraee,,Beauty,,40500000,United States,1100000,1600000
adele,Adele,Music,,49700000,United States,2600000,3600000
adidasoriginals,adidas Originals,Clothing & Outfits,Shopping & Retail,34200000,United States,52400,71800
adinross,,,,2600000,United States,551100,1100000
aespa_official,aespa á„‹á…¦á„‰á…³á„‘á…¡,,,8300001,Indonesia,1100000,1600000
agustd,SUGA of BTS ë¯¼ìœ¤ê¸°,,,31500000,N/A,10900000,10900000
aishwaryaraibachchan_arb,AishwaryaRaiBachchan,Cinema & Actors/actresses,,10000000,India,247600,316500
aislinnderbez,ğ”¸ ğ•€ ğ•Š ğ•ƒ ğ•€ â„• â„•  ğ•• ğ•– ğ•£ ğ•“ ğ•– ğ•«,Cinema & Actors/actresses,,12000000,Mexico,235700,295400
akshaykumar,Akshay Kumar,Cinema & Actors/actresses,,61100000,India,815300,971000
alejandrospeitzer,Alejandro Speitzer,Lifestyle,,5100000,Mexico,313300,488600
aleoliveiracm,AleÌ‚ Oliveira,Humor & Fun & Happiness,,8300001,Brazil,235800,598400
alexademie,,,,10800000,United States,1200000,2100000
alexandradaddario,alexandra daddario,Cinema & Actors/actresses,,22400000,India,487900,596600
alexis_officia1,Sanchez Alexis,Sports with a ball,,13400000,Chile,185200,304800
alexisren,Alexis Ren,Lifestyle,,15800000,United States,102000,158100
alfinetei,Alfinetadas Dos Famosos ğŸ“Œ,Humor & Fun & Happiness,,21100000,Brazil,99500,223600
aliaabhatt,Alia Bhatt ğŸ¤â˜€ï¸,Cinema & Actors/actresses,,61800000,India,1200000,1500000
alidaei,Ali Daei,Sports with a ball,,8000000,Iran,555800,937000
aliiiiiiiikarimi8,Ali Karimi,Sports with a ball,,9100000,Iran,328700,495100
alishalehmann7,Alisha Lehmann,Sports with a ball,,6800000,Brazil,373800,705300
alluarjunonline,Allu Arjun,Cinema & Actors/actresses,,17600000,India,1600000,2000000
alok,Alok,Music,Art/Artists,27000000,Brazil,249600,319900
alvaromorata,AÌlvaro Morata,Sports with a ball,Literature & Journalism,16200000,Italy,113100,175200
alvaromorte,Ãlvaro Morte,Cinema & Actors/actresses,,12400000,India,244500,334700
alvxaro,ALVARO,Lifestyle,,9200000,Brazil,169600,424700
alwaysramcharan,Ram Charan,Lifestyle,Cinema & Actors/actresses,5600000,India,596800,668300
amadorat,N I C O L E   A M A D O ğŸ‰,Fashion,Lifestyle,8100000,Mexico,505000,564400
amandacerny,Amanda ğ•®ğ–Šğ–—ğ–“ğ–,Humor & Fun & Happiness,,24100000,India,112900,180600
amandamanopo,,Modeling,Beauty,15200000,Indonesia,189600,250500
amarantavp,A M A ğŸ¤,,,4900000,Mexico,483800,605600
amauryguichon,Amaury Guichon,Food & Cooking,,6700000,United States,357300,435700
amitabhbachchan,Amitabh Bachchan,Cinema & Actors/actresses,,30000000,India,88500,103600
amybethmcnulty,AB Mcn,Lifestyle,Cinema & Actors/actresses,6300000,Brazil,561400,771300
ana_d_armas,A N A   D E   A R M A S,Cinema & Actors/actresses,Lifestyle,6100000,United States,543400,735300
ananyapanday,Ananya ğŸ’›ğŸ’«,Cinema & Actors/actresses,,21900000,India,318200,371800
anasmarwah,Anas Marwah,Family,Shows,5500000,Iraq,431800,557500
andreavaldirisos,ANDREA VALDIRI ğŸ‡¨ğŸ‡´,Lifestyle,Beauty,7700000,Colombia,411300,584300
andresiniesta8,Andres Iniesta,Sports with a ball,,39000000,Spain,91500,132300
angela_aguilar_,AÌngela Aguilar ğŸ‡²ğŸ‡½,Lifestyle,,8200000,Mexico,285500,346000
angeldimariajm,AÌngel Di MariÌa,Sports with a ball,,16300000,Argentina,294600,434100
angelinajolie,Angelina Jolie,,,12600000,Brazil,274600,456200
angelinajolie,Angelina Jolie,Lifestyle,,12600000,Brazil,274600,456100
angeliqueboyer,Angelique Boyer,Shows,Cinema & Actors/actresses,13900000,Brazil,247400,310600
angelrai07,Angel Rai :),Humor & Fun & Happiness,,14900000,India,462200,557400
anguscloud,Angus Cloud,,,8300001,United States,1300000,2100000
anitta,Anitta ğŸ¤,Music,,61100000,Brazil,542800,1000000
anjimaxuofficially,Anjali Arora,Lifestyle,,11100000,India,173300,221200
annakendrick47,Anna Kendrick,Cinema & Actors/actresses,,20300000,United States,210000,274200
annecurtissmith,Anne Curtis,Music,Cinema & Actors/actresses,17800000,Philippines,134700,152300
annehathaway,Anne Hathaway,Cinema & Actors/actresses,,22600000,United States,704300,928400
annemarie,ANNE-MARIE,Shows,Music,9200000,India,242500,339600
ansufati,Ansu Fati,Sports with a ball,,8000000,Spain,475200,721000
anthonyjoshua,Throwback Fighter ğŸ§ ,Fitness & Gym,,13600000,United Kingdom,142000,192800
antogriezmann,Antoine Griezmann,Sports with a ball,,35500000,Spain,205300,329600
antonelaroccuzzo,Antonela Roccuzzo,Modeling,Family,19000000,Argentina,970700,1600000
anuel,â€œREAL HASTA LA MUERTEâ€,Music,,27900000,Spain,586000,892100
anupamaparameswaran96,Anupama Parameswaran,Cinema & Actors/actresses,,11400000,India,510400,583300
anushkasen0408,Anushka Sen,Cinema & Actors/actresses,,34500000,India,379100,443800
anushkasharma,AnushkaSharma1588,Cinema & Actors/actresses,,57500000,India,1100000,1300000
anyageraldine,anya geraldine,Music,,10700000,Indonesia,182300,305200
anyataylorjoy,Anya Taylor-Joy,,,8800000,United States,679600,979900
aoc,Alexandria Ocasio-Cortez,,,8500000,United States,290100,363000
apple,apple,Computers & Gadgets,Photography,27400000,India,83400,111200
araikgalstyanmoscowschool,ï¼¡ï¼²ï¼¡ï¼©ï¼«  ï¼§ï¼¡ï¼¬ï¼³ï¼´ï¼¹ï¼¡ï¼®Â®ï¸,Beauty,,13000000,Turkey,323000,416700
arianagrande,Ariana Grande,Music,,302300000,United States,2900000,4100000
arigameplays,ARIGAMEPLAYS,,,9700000,Mexico,900600,1100000
arishfakhan138,Sayyed Arishfa Khan ğŸ’,Cinema & Actors/actresses,,28000000,India,183100,221400
arminzareeiofficial,Armin Zareei,,,9500000,Iran,178500,286100
aron.piper,ARONğŸŒœğŸŒ,Music,Lifestyle,13900000,Brazil,273100,515600
arsenal,Arsenal Official,Sports with a ball,,21500000,United Kingdom,79900,120000
arthuraguiar,Arthur Aguiar,Music,Cinema & Actors/actresses,12700000,Brazil,104100,236800
asalamaleh,Asala Maleh,Shows,,6600000,Iraq,415900,514500
asaprocky,GRIM,Music,,14600000,United States,383600,641700
ashishchanchlani,Ashish Chanchlani,Cinema & Actors/actresses,,13300000,India,832600,1000000
ashleybenson,Ashley Benson,Modeling,,22400000,Brazil,101000,144300
ashleygraham,A S H L E Y  G R A H A M,Modeling,,17200000,United States,392700,519500
aslisona,Sonakshi Sinha,Cinema & Actors/actresses,Lifestyle,21400000,India,110200,134100
ateez_official_,ATEEZ(ì—ì´í‹°ì¦ˆ),Music,,6300000,United States,410900,472100
attahalilintar,Atta Halilintar - PAPATA,Art/Artists,Shows,23100000,Indonesia,140200,192300
auba,Pierre-Emerick Aubameyang,Sports with a ball,,12000000,United Kingdom,379300,602100
aum_patchrapa,Patchrapa Chai,Cinema & Actors/actresses,Lifestyle,14100000,Thailand,150300,179200
aurelie.hermansyah,Aurelie Hermansyah Atta,Beauty,,25300000,Indonesia,475200,601100
avani,avani,Beauty,Lifestyle,18800000,United States,337000,451900
avneetkaur_13,Avneet Kaur Official,Cinema & Actors/actresses,,30500000,India,281300,341100
avrillavigne,Avril Lavigne,Music,Cinema & Actors/actresses,10700000,Brazil,211200,263000
awez_darbar,Awez Darbar,Shows,Humor & Fun & Happiness,17800000,India,466000,558400
aykutelmas,Aykut Elmas,Cinema & Actors/actresses,Photography,6800000,Turkey,321000,376500
badbunnypr,,Music,,38500000,United States,2500000,3900000
badgalriri,badgalriri,Music,Beauty,125100000,United States,2800000,4600000
baifernbah,baifernbah,Lifestyle,,10400000,Indonesia,224500,284600
bambam1a,BamBam,Music,,16000000,Brazil,684300,863000
barackobama,Barack Obama,Finance & Economics,Business & Careers,35400000,United States,148300,174600
barbieferreira,barbie ferreira,,,6100000,United States,635500,1200000
bbrightvc,bright,Cinema & Actors/actresses,,13500000,Indonesia,1700000,2000000
bclsinclair,Bunga Citra Lestari,Music,,20200000,Indonesia,153500,242600
beberexha,Bebe Rexha,Music,Lifestyle,10800000,India,221500,327000
bebytsabina,Cut Beby Tshabina,Modeling,,7100000,Indonesia,243400,373900
beingsalmankhan,Salman Khan,Cinema & Actors/actresses,Art/Artists,50700000,India,474600,604400
belindapop,Beli,Music,,14900000,Mexico,136700,197000
bellahadid,Bella ğŸ¦‹,Modeling,,50600000,United States,566900,905300
bellapoarch,Bella Poarch,,,14300000,United States,859500,1200000
bellathorne,BELLA,Music,Art/Artists,25200000,United States,289500,485700
bernardokath,Kathryn Bernardo ğŸ˜,Beauty,Cinema & Actors/actresses,16800000,Philippines,452700,545400
beyonce,BeyonceÌ,Music,Fashion,246900000,United States,2600000,3700000
bhadbhabie,â„¬ğ’½ğ’¶ğ’·ğ’¾â„¯ğŸ¦‹,Music,,16400000,United States,143100,268000
bhuvan.bam22,Bhuvan Bam,Cinema & Actors/actresses,,14200000,India,741000,915800
bianca,BOCA ROSA,Beauty,,17700000,Brazil,73600,172200
bibisbeautypalace,! Bibi,Family,Lifestyle,7800000,Germany,322700,369600
bighit_ent,BigHit Music Updates,Music,,13000000,Indonesia,721300,888500
bigsean,BIGSEAN,Music,Art/Artists,14600000,United States,169900,310300
billieeilish,BILLIE EILISH,Music,,101700000,United States,2600000,3400000
bizarrap,BZRP,Music,,11500000,Argentina,920800,1100000
blackpinkofficial,BLÎ›Æ†KPIĞ˜K,Music,,46200000,Indonesia,1100000,1400000
blakelively,Blake Lively,Cinema & Actors/actresses,,32000000,United States,827100,1300000
bleacherreport,Bleacher Report,Sports with a ball,,18400000,United States,103800,204700
blythe,Andrea Brillantes,Cinema & Actors/actresses,Modeling,13400000,Philippines,196900,224100
bmw,BMW,Cars & Motorbikes,,33100000,India,73100,97600
bn_sj2013,á„‡á…¡á†¨á„‰á…¥á„Œá…®á†«,Cinema & Actors/actresses,Modeling,21400000,Indonesia,2500000,2900000
bobbyindaeyo,ğŸ’€,Music,,3400000,Indonesia,679100,791200
borodylia,ĞšÑĞµĞ½Ğ¸Ñ Ğ‘Ğ¾Ñ€Ğ¾Ğ´Ğ¸Ğ½Ğ°,Shows,Family,18200000,Russia,123000,153200
bramastavrl,Verrell Bramasta,Cinema & Actors/actresses,Lifestyle,23700000,Indonesia,109100,138900
brentrivera,Brent Rivera,Music,Cinema & Actors/actresses,22100000,United States,888300,1200000
bretmanrock,Bretman (Da Baddest) Rock,Art/Artists,Beauty,18300000,United States,551000,927900
brfootball,Bleacher Report Football,Sports with a ball,,11900000,United States,146000,236000
briandadeyanara,BRIANDA ğŸ’–,,,12600000,Mexico,355200,417300
brianmaps,Ğ‘Ñ€Ğ°Ğ¸Ì†Ğ½ ĞœĞ°Ğ¿Ñ (ĞœĞ°ĞºÑ Ğ¢Ğ°Ñ€Ğ°ÑĞµĞ½ĞºĞ¾),Photography,,5800000,Russia,608400,627900
britneyspears,Britney Spears,Music,,40200000,United States,180500,251600
brunamarquezine,Bruna Marquezine,Cinema & Actors/actresses,,42600000,Brazil,485200,837200
brunomars,Bruno Mars,Music,,24900000,Brazil,328700,499000
brycehall,Bryce Hall,Music,,7500000,United States,279200,358700
bts.bighitofficial,BTS official,Music,,61700000,Indonesia,2400000,2600000
bugatti,BUGATTI,Cars & Motorbikes,Luxury,16100001,United States,124100,168500
bumkeyk,SHINee KEY,Music,,9000000,Indonesia,376300,451600
burakozcivit,Burak OÌˆzcÌ§ivit,Cinema & Actors/actresses,,20500000,Turkey,492800,597500
burcuozberk,Burcu OÌˆzberk,Cinema & Actors/actresses,,9000000,Turkey,560900,725600
bypamella,BY PAMELLA âœ¨ğŸ§¿,Shows,,9400000,Brazil,237700,406800
c.syresmith,Jaden Smith,Cinema & Actors/actresses,Lifestyle,18600000,United States,190100,294600
camerondallas,Cameron Dallas,Cinema & Actors/actresses,,23000000,United States,104800,182600
camila_cabello,camila,Music,,60900000,Brazil,305400,418100
camilaloures,Camila Loures,Shows,,17600000,Brazil,131500,196300
camilladelucas,Camilla de Lucas,Beauty,,10800000,Brazil,205200,376800
camilo,C A M I L O,Music,,26400000,Argentina,252300,398900
camimendes,camila mendes,Cinema & Actors/actresses,,26800000,Brazil,1100000,1600000
canelo,Saul Alvarez,Fitness & Gym,,12800000,Mexico,203000,282200
canyaman,Can Yaman,Cinema & Actors/actresses,Modeling,9300000,Italy,324400,402800
caradelevingne,Cara Delevingne,Modeling,Cinema & Actors/actresses,43300000,United States,130100,182800
carlinhosmaiaof,Carlinhos MaiağŸŒ»,Lifestyle,,24800000,Brazil,441900,810700
carryminati,ğ‘¨ğ’‹ğ’†ğ’š ğ‘µğ’‚ğ’ˆğ’‚ğ’“,Computers & Gadgets,Machinery & Technologies,15000000,India,885800,1000000
casemiro,Casemiro,Sports with a ball,,14000000,Spain,149800,224100
caviarmagnat,by Tregubov,,,13300000,Russia,148600,214400
cazzu,â™¡ ğ–“ğ–Šğ–“ğ–† á´›Ê€á´€á´á´˜á´€,Music,,9800000,Argentina,396200,508000
cbum,Chris Bumstead,Fitness & Gym,,6600000,United States,248700,410600
celestebarber,Celeste Barber,Humor & Fun & Happiness,,8900000,United States,364800,393200
chaelincl,CL,Art/Artists,Fashion,9800000,Brazil,259000,342500
championsleague,UEFA Champions League,Sports with a ball,,91400000,Brazil,255300,344400
channingtatum,Channing Tatum,Cinema & Actors/actresses,,17000000,United States,272100,393200
charles_leclerc,Charles Leclerc,Racing Sports,,6600000,Italy,473900,629200
charlidamelio,cd,Lifestyle,Shows,47700000,United States,1500000,1900000
charlieputh,Charlie Puth,Music,,15700000,United States,320500,456200
chelseafc,Chelsea FC,Sports with a ball,,33200001,Indonesia,115700,172400
chiaraferragni,Chiara Ferragni âœ¨,Beauty,,26700000,Italy,372000,616600
chloegmoretz,ChloÃ« Grace Moretz,Cinema & Actors/actresses,,20100000,United States,292900,392500
choi_seung_hyun_tttop,T.O.P,,,13600000,Indonesia,337700,400700
choquei,CHOQUEI - BBB22,Literature & Journalism,,17000000,Brazil,90100,279500
chrisbrownofficial,BREEZY,Music,,106000000,United States,157100,241900
chrisevans,Chris Evans,,,14800000,United States,2000000,2400000
chrishemsworth,Chris Hemsworth,Cinema & Actors/actresses,,54000000,India,776600,998100
chrissyteigen,chrissy teigen,Shows,Modeling,37400000,United States,158000,205500
ciara,Ciara,Music,Modeling,31300000,United States,199400,270600
claaragalle,Clara GalleğŸŒ€,,,3200000,Mexico,425200,771600
claireholt,Claire Holt,Cinema & Actors/actresses,Lifestyle,7400000,United States,304100,415400
claragnds,Maria Clara Garcia,,,6400000,Brazil,153400,386600
clean_0828,á„€á…µá†·á„‰á…¦á„Œá…¥á†¼,Lifestyle,,5500000,Indonesia,1300000,1600000
cocielo,JuÌlio Cocielo Estaniecki,Cinema & Actors/actresses,,17800000,Brazil,360600,564800
coldplay,Coldplay,Music,,15400000,Brazil,274000,381300
cole.labrant,Cole LaBrant,Lifestyle,Fashion,5000000,United States,412600,580800
colesprouse,Cole Sprouse,Modeling,,36000000,United States,352700,459300
colleen,Colleen Ballinger,Family,Fashion,7500000,United States,368300,463600
conangray,Conan Gray,Music,,5700000,Brazil,785400,1200000
courteneycoxofficial,Courteney Cox,Cinema & Actors/actresses,,12100000,India,319900,421900
cristiano,Cristiano Ronaldo,Sports with a ball,,419600000,India,5700000,7000000
cvillaloboss,CARMEN VILLALOBOS,Shows,Cinema & Actors/actresses,19200000,Colombia,247300,305100
cznburak,Burak OÌˆzdemir,Food & Cooking,,32900000,Turkey,615200,836000
d_a___m_i,KIM DA MI,,,4300000,Indonesia,1100000,1400000
d_degeaofficial,David De Gea,Sports with a ball,,12900000,United Kingdom,306800,434400
daddyyankee,Daddy Yankee,Music,,44900000,Argentina,1300000,1800000
dagelan,Dagelan,Humor & Fun & Happiness,,20600000,Indonesia,83400,140500
danbilzerian,Dan Bilzerian,Cinema & Actors/actresses,,32800000,India,1300000,2100000
danialves,Daniel Alves,Sports with a ball,,35700000,Brazil,170600,264900
daniel.k.here,Daniel Kang,Lifestyle,,4800000,Indonesia,458900,577400
danielricciardo,Daniel Ricciardo,Racing Sports,,6600000,United States,361100,469200
dannapaola,Danna Paola,Music,,33500000,Mexico,931600,1300000
daquan,Daquan,Humor & Fun & Happiness,,16800000,United States,364200,561900
darshanravaldz,Darshan Raval #Goriye,Music,,14800000,India,205900,249100
dava_m,Ğ”Ğ°Ğ²Ğ° â“‚ï¸ Ğ’ÑĞµÌˆ Ğ±ÑƒĞ´ĞµÑ‚ Ñ…Ğ¾Ñ€Ğ¾ÑˆĞ¾ğŸ§¸,Business & Careers,,13700000,Russia,166000,215900
davidalaba,David Alaba,Sports with a ball,,8500000,Spain,301400,426700
davidbeckham,David Beckham,Family,Sports with a ball,71900000,India,500400,641100
davidluiz23,David Luiz,Sports with a ball,,21200000,Brazil,69800,152400
davido,Davido,Music,,23300000,Nigeria,184900,259300
davidwarner31,David Warner,Sports with a ball,,9100000,India,238200,279700
davikah,davikah,Modeling,,15900000,Thailand,355300,460800
dbook,Devin,,,5100000,United States,248800,489000
ddlovato,Demi Lovato,Music,,128700000,United States,319800,418400
dean.schneider,Dean Schneider,Animals,,10100000,India,271500,348200
dearra,De'arra Taylor,Lifestyle,,6000000,United States,236900,589900
debbyryan,Debby Ryan,Music,Cinema & Actors/actresses,16700000,United States,169400,246400
deepikapadukone,Deepika Padukone,Cinema & Actors/actresses,,65500000,India,347200,450300
deiveleonardo,Deive Leonardo,Literature & Journalism,Trainers & Coaches,10800000,Brazil,234300,431400
demetozdemir,Demet OÌˆzdemir,Cinema & Actors/actresses,,15000000,Turkey,335600,449000
demirose,Demi ğŸŒ¹,Modeling,Lifestyle,19200000,United States,395900,515000
dew_jsu,2000,,,4500000,Indonesia,798400,1100000
dhanushkraja,Dhanush,Cinema & Actors/actresses,,4200000,India,685100,886300
diddy,LOVE,Music,Cinema & Actors/actresses,18400000,United States,109400,164500
diljitdosanjh,DILJIT DOSANJH,Cinema & Actors/actresses,,12900000,India,203300,244700
dindahw,Dinda Hauw,Cinema & Actors/actresses,,13900000,Indonesia,288800,431500
dishapatani,disha patani (paatni) ğŸ¦‹,Cinema & Actors/actresses,Lifestyle,49600000,India,909300,1100000
divyankatripathidahiya,Divyanka Tripathi Dahiya,Shows,Cinema & Actors/actresses,18900000,India,146500,168200
dixiedamelio,dixie,Music,Clothing & Outfits,25100000,United States,293000,430300
djokernole,Novak Djokovic,Sports with a ball,,10400000,Serbia,195700,240900
djsnake,djsnake,Music,,9100000,India,362200,429600
djxiao_888,XIAOJUN,,,6600000,Indonesia,1100000,1300000
dkharbour,David Harbour,Cinema & Actors/actresses,,6200000,United States,352200,461500
dlwlrma,á„‹á…µá„Œá…µá„€á…³á†· IU,Art/Artists,,25800000,South Korea,2900000,3500000
dntlrdl,CHOIWOOSHIK,Lifestyle,,5900000,Indonesia,1500000,2000000
do0_nct,Doyoung,,,9800000,Indonesia,1400000,1900000
dojacat,Doja Cat,Music,,22400000,United States,2800000,3900000
domelipa,domelipa,Lifestyle,,17200000,Mexico,1100000,1300000
dominicfike,,,,3700000,United States,419900,799000
donya,Donya,Fashion,,14700000,Iran,379800,596700
dovecameron,DOVE,Cinema & Actors/actresses,,46400000,United States,618500,807200
dqsalmaan,Dulquer Salmaan,Cinema & Actors/actresses,,10200000,India,176800,239600
dra.deolanebezerra,Deolane Bezerra,,,13200000,Brazil,352000,754100
drewstarkey,Drew Starkey,,,3200000,United States,630200,1200000
dualipa,DUA LIPA,Music,,81600000,Mexico,2200000,2700000
dudewithsign,Seth,,,8100000,United States,400000,628500
dukeandduchessofcambridge,Duke and Duchess of Cambridge,Family,Finance & Economics,13500000,N/A,0,214200
dukissj,Ya Supiste,Music,,9000000,Argentina,607200,1100000
dylanminnette,Dylan Minnette,Music,Cinema & Actors/actresses,7300000,United States,215700,350400
dylansprouse,Dylan Sprouse,Cinema & Actors/actresses,,9300000,United States,350300,549800
e_milygarcia,Emily Garcia,Cinema & Actors/actresses,,11000000,Brazil,230100,380500
earthpix,ğŸŒ  EarthPix  ğŸŒ,Nature & landscapes,Photography,22700000,United States,118700,145900
easportsfifa,EA SPORTS FIFA,Sports with a ball,,25800000,Spain,70900,118300
ebi,EBI,Music,,10300000,Iran,193600,260500
ederbez,Eugenio Derbez,Cinema & Actors/actresses,Lifestyle,18100000,Mexico,248300,278900
egorkreed,Ğ•Ğ³Ğ¾Ñ€ ĞšÑ€Ğ¸Ğ´ | #HeartBreakKid,Music,,14700000,Russia,322600,396900
eilirjani,Elton ILIRJANI,Lifestyle,,9500000,Albania,423900,611600
elcinsangu,ElcÌ§in Sangu,Cinema & Actors/actresses,Lifestyle,8300001,Turkey,284600,342800
eliana,Eliana Michaelichen,Music,Shows,29600000,Brazil,119300,151500
ellenpompeo,Ellen Pompeo,Cinema & Actors/actresses,Lifestyle,10000000,Brazil,285800,495800
elnazshakerdoost,Elnaz ShakerdoostğŸ¬,Cinema & Actors/actresses,,9500000,Iran,219000,295700
elrodrigocontreras,RODğŸ¥´,Lifestyle,,12700000,Mexico,563100,620800
elrubiuswtf,el rubius WTF,Computers & Gadgets,,16200000,Mexico,1400000,1500000
emilia_clarke,,Cinema & Actors/actresses,,27000000,India,490500,617200
emiliamernes,Emilia Mernes,Music,,4900000,Argentina,549500,1000000
eminem,Marshall Mathers,Cinema & Actors/actresses,Music,35600000,Iran,771200,993500
emmachamberlain,emma chamberlain,Lifestyle,Shows,15300000,United States,1100000,1700000
emmaroberts,Emma Roberts,Cinema & Actors/actresses,,17700000,United States,266400,392400
emrata,Emily Ratajkowski,Modeling,,29000000,United States,475400,758700
enhypen,ENHYPEN,,,9600000,Indonesia,1500000,2100000
erling.haaland,Erling Braut Haaland,,,14800000,Brazil,541800,811000
esbilgic,Esra Bilgic,Lifestyle,Modeling,6700000,India,319100,407100
ester_exposito,Ester ğŸŒ™,Cinema & Actors/actresses,,29000000,Russia,2900000,4300000
eunwo.o_c,ì°¨ì€ìš°,Music,Lifestyle,27400000,Indonesia,3600000,4500000
euphoria,euphoria,,,7900000,United States,1100000,1800000
evaluna,Evaluna Montaner de Echeverry,Family,Music,19800000,Argentina,812100,1100000
evcenf,Fahriye Evcen OÌˆzcÌ§ivit,Lifestyle,Beauty,12800000,Turkey,375600,473300
ewsbdi,ë¡œìš´,,,4200000,Indonesia,488600,730200
f1,FORMULA 1Â®,Racing Sports,,18300000,Italy,266600,337700
fabriziorom,Fabrizio Romano,Literature & Journalism,Shows,6400000,Italy,328900,570600
fadiljaidi,Fadil Jaidi,Lifestyle,,7000000,Indonesia,581500,873000
faz3,Fazza,Lifestyle,,14000000,United Arab Emirates,257300,337900
fcbarcelona,FC Barcelona,Sports with a ball,,107100000,Indonesia,450100,687900
fcbayern,FC Bayern,Sports with a ball,,31800000,Germany,115000,167400
fedez,FEDEZ,Music,,13700000,Italy,725500,1000000
feliciathegoat,"Tyler, The Creator",Music,,12400000,United States,1000000,1700000
felicyangelista_,Felicya Angelista,Family,,21000000,Indonesia,107000,147800
felipeneto,Felipe Neto ğŸ¦‰,Lifestyle,,15400000,Brazil,166100,236000
fifaworldcup,FIFA World Cup,Sports with a ball,,25500000,India,71200,109100
florencepugh,Florence Pugh,Humor & Fun & Happiness,Cinema & Actors/actresses,7200000,United States,926400,1400000
for_everyoung10,ì¥ì›ì˜ WONYOUNG,,,3600000,Indonesia,733900,926900
fortnite,Fortnite,Computers & Gadgets,,26100000,United States,102100,120300
francety,Francia James,Adult content,,10600000,India,250400,328300
francinyehlke,FĞ¯AN,Beauty,,15200000,Brazil,86400,188600
frenchmontana,French Montana,Music,,24500000,United States,91500,151600
frenkiedejong,Frenkie de Jong,Sports with a ball,,10000000,Spain,528600,792500
fuckjerry,FUCKJERRY,Humor & Fun & Happiness,,16600001,United States,405300,523100
fuji_an,Fujianti Utami Putri,,,10300000,Indonesia,531800,1300000
gabigol,Gabi ğŸ‡§ğŸ‡· Lil Gabi,Sports with a ball,,9600000,Brazil,282000,427000
gal_gadot,Gal Gadot,Cinema & Actors/actresses,,77000000,United States,597500,771600
galatasaray,Galatasaray,Sports with a ball,,11100000,Turkey,254400,307800
garethbale11,Gareth Bale,Sports with a ball,,46300000,Spain,402200,633900
gatenm123,Gaten Matarazzo,Music,Cinema & Actors/actresses,13600000,Brazil,449500,594100
geneliad,Genelia Deshmukh,Cinema & Actors/actresses,,9600000,India,444400,550600
georgenotfound,GeorgeNotFound,,,3100000,United States,997800,1100000
georginagio,Georgina RodriÌguez,Lifestyle,Fashion,36500000,India,2500000,3500000
gessicakayane,GKAY,Shows,Humor & Fun & Happiness,19300000,Brazil,173600,357900
ggonekim,,,,5100000,Indonesia,441600,542600
gianlucavacchi,Gianluca Vacchi,Lifestyle,,22200000,Brazil,511400,787200
giannis_an34,Giannis Antetokounmpo,Sports with a ball,,12300000,United States,217800,344600
gigihadid,Gigi Hadid,Modeling,Lifestyle,73200000,United States,1900000,2800000
gildovigor,GIL DO VIGOR,,,15000000,Brazil,442500,612200
gima_ashi,Garima Chaurasia ğŸ’™,Lifestyle,,13900000,India,145100,197800
gioewbank,Giovanna Ewbank,Cinema & Actors/actresses,Modeling,28000000,Brazil,181400,290600
gisele,Gisele BuÌˆndchen,Modeling,Fashion,18900000,Brazil,274600,408000
goar_avetisyan,Goar Avetisyan,Beauty,,11500000,Russia,510500,707900
golfarahani,Golshifteh Farahani,Cinema & Actors/actresses,,12600000,Iran,307500,395700
grantgust,Grant Gustin,Cinema & Actors/actresses,Fashion,7800000,Brazil,343400,487300
greeicy,Greeicy,Shows,Cinema & Actors/actresses,20400000,Colombia,201400,270900
grefg_official,TheGrefg,Computers & Gadgets,Machinery & Technologies,7100000,Spain,440100,546100
gucci,Gucci Official,Accessories & Jewellery,Clothing & Outfits,47900000,United States,57900,74300
gururandhawa,Guru Randhawa,Music,,31500000,India,110800,135400
gusein.gasanov,Ğ“Ğ£Ğ¡Ğ•Ğ˜Ì†Ğ Ğ“ĞĞ¡ĞĞĞĞ’,Shows,,21000000,Russia,524500,786100
gusttavolima,ğŸ› Gusttavo Lima ğŸ›,Music,,42900000,Brazil,46900,79800
hadise,Hadise,Music,Shows,13700000,Turkey,220700,257200
haechanahceah,HAECHAN,,,2700000,N/A,0,2100000
haileesteinfeld,hailee steinfeld,Cinema & Actors/actresses,,18200000,United States,1500000,1900000
haileybieber,Hailey Rhode Baldwin Bieber,Lifestyle,Modeling,42200000,United States,1800000,2400000
hakkiakdenizz,hakki akdeniz,Business & Careers,,17600000,Russia,120200,174400
handemiyy,Hande ErcÌ§el,Cinema & Actors/actresses,,27300000,Turkey,2100000,2800000
hannahstocking,Hannah Stocking,Modeling,,21000000,United States,237200,337800
hardikpandya93,Hardik Himanshu Pandya,Sports with a ball,,20600000,India,860300,1100000
harrykane,Harry Kane,Sports with a ball,,12300000,United Kingdom,148300,204400
harrystyles,,Music,Fashion,43300000,Brazil,2900000,3900000
hassan_reyvandi,hasan reyvandi Ø­Ø³Ù† Ø±ÛŒÙˆÙ†Ø¯ÛŒ,Cinema & Actors/actresses,Humor & Fun & Happiness,18700000,Iran,330100,456500
hegdepooja,Pooja Hegde,Cinema & Actors/actresses,,18800000,India,831700,959300
helen_yes1,Ğ•Ğ»ĞµĞ½Ğ° Ğ¡Ğ°Ğ¶Ğ¸Ğ½Ğ°,Cinema & Actors/actresses,,10500000,Russia,342400,442600
henrycavill,Henry Cavill,Cinema & Actors/actresses,,19700000,Brazil,795100,966500
heybiblee,á„‹á…µá„‰á…¥á†¼á„€á…§á†¼,Modeling,,13500000,Indonesia,971100,1300000
hi_high_hiy,á„’á…ªá†¼á„‹á…µá†«á„‹á…§á†¸,Cinema & Actors/actresses,,12900000,South Korea,2600000,3000000
hi_songjoongki,á„‰á…©á†¼á„Œá…®á†¼á„€á…µ songjoongki official,Cinema & Actors/actresses,,8800000,Indonesia,1700000,2400000
hi_sseulgi,ìŠ¬ê¸° Seulgi,Modeling,,11900000,Indonesia,849600,1100000
hichasestokes,,Lifestyle,,7400000,United States,640900,959800
hilaryduff,Hilary Duff,Cinema & Actors/actresses,,20600000,United States,147300,188200
hm_son7,Son HeungMin(ì†í¥ë¯¼)ğŸ‡°ğŸ‡·,,,6000000,Brazil,395900,644200
holyhaein,ì •í•´ì¸,,,9700000,Indonesia,2100000,2600000
hoooooyeony,Hoyeon,Lifestyle,,23700000,South Korea,2000000,2700000
houseofhighlights,House of Highlights,Sports with a ball,,32700001,United States,64600,117200
hrithikroshan,Hrithik Roshan,Cinema & Actors/actresses,,41900000,India,638300,805300
hshq,Harry Styles HQ,Music,Cinema & Actors/actresses,5500000,United States,488100,859100
huddy,Chase Hudson,Lifestyle,Art/Artists,11900000,Brazil,228400,317800
humansofny,Humans of New York,Lifestyle,Photography,11800000,United States,181900,215400
hunterschafer,Hunter,,,7100000,United States,957200,1600000
hyeri_0609,á„’á…¨á„…á…µ,Music,,7000000,South Korea,447600,539000
hyunah_aa,Hyun Ah,Music,,17600000,South Korea,378100,448700
hziyech,Hakim Ziyech,Sports with a ball,,6000000,Morocco,348400,476000
hztttao,Z.TAOğŸ”´é»„å­éŸ¬,Music,,11300000,Indonesia,253100,281300
i_m_hendery,HiğŸ‘‰ğŸ»im HenderyğŸ‘ˆğŸ»,,,6000000,United States,965500,1300000
i_nivethathomas,Nivetha Thomas,Cinema & Actors/actresses,,5900000,India,395300,447000
iambeckyg,Becky G,Music,,31200000,Mexico,679200,817400
iamcardib,Cardi B,Music,Fashion,127200000,United States,2300000,3300000
iamferv,fer,Lifestyle,Art/Artists,8800000,Mexico,1000000,1500000
iamhalsey,halsey,Music,,28900000,United States,793700,1000000
iammichelemorroneofficial,Michele Morrone,Lifestyle,Cinema & Actors/actresses,12900000,Brazil,654100,938900
iampauloandre,Paulo AndreÌ ğŸ,Lifestyle,,6100000,Brazil,122200,424400
iamsrk,Shah Rukh Khan,Cinema & Actors/actresses,,28600000,India,717000,909700
iamzlatanibrahimovic,Zlatan IbrahimoviÄ‡,Sports with a ball,,52900000,Italy,306700,473100
iansomerhalder,iansomerhalder,Cinema & Actors/actresses,,22500000,United States,527600,788900
ibaillanos,Ibai,Art/Artists,,6800000,Spain,859100,1200000
ileana_official,Ileana D'Cruz,Cinema & Actors/actresses,,14100000,India,286000,347700
imhyoseop,ì•ˆíš¨ì„­,Lifestyle,,6000000,Indonesia,1200000,1400000
imouniroy,mon,Cinema & Actors/actresses,,22600000,India,238900,290700
imsebastianstan,Sebastian Stan,Shows,Cinema & Actors/actresses,9000000,United States,566100,672900
indiancricketteam,Team India,Sports with a ball,,23900000,India,223200,260300
indiaroyale,India,Lifestyle,,4000000,United States,384500,1100000
inijedar,Jessica Iskandar Verhaag,Cinema & Actors/actresses,,29400000,Indonesia,74500,99700
instagram,Instagram,Photography,,487200000,India,352300,467400
iqbaal.e,iqbaal ramadhan,Cinema & Actors/actresses,,13400000,Indonesia,271400,465900
irinashayk,irinashayk,Modeling,,17900000,Russia,121800,169000
iscoalarcon,Isco Alarcon Suarez,Sports with a ball,,23300000,Spain,142700,206200
isisvalverde,isis valverde,Cinema & Actors/actresses,Lifestyle,27800000,Brazil,79400,117200
its.michhh,Michel Chavez,,,5300000,Mexico,605100,741200
itsmarziapie,Marzia Kjellberg,Beauty,Lifestyle,8200000,United States,603200,705100
itzy.all.in.us,ITZY,Music,,15800000,Indonesia,761500,930800
j.m,JIMIN of BTS,,,32700001,N/A,12700000,12700000
jackharlow,Jack Harlow,Lifestyle,Music,5100000,United States,330800,618400
jacksepticeye,Jacksepticeye,Computers & Gadgets,Machinery & Technologies,7700000,United States,277700,322300
jacksonwang852g7,Jackson Wang,Music,,27300000,China,950100,1100000
jacobelordi,Jacob Elordi,Cinema & Actors/actresses,,13200000,Brazil,997400,1600000
jacquelinef143,Jacqueline Fernandez,Cinema & Actors/actresses,,59300000,India,322000,391800
jadepicon,JADE ğŸŒª,Modeling,Fashion,19400000,Brazil,375200,818400
jailyneojeda,Jailyne Ojeda Ochoa,Modeling,Lifestyle,14100000,United States,183100,253700
jaimelorentelo,El chaval,Cinema & Actors/actresses,,14500000,Brazil,285100,381800
jairmessiasbolsonaro,Jair M. Bolsonaro,Finance & Economics,Business & Careers,19500000,Brazil,150900,212600
jakepaul,Jake Paul,Cinema & Actors/actresses,,19200000,United States,278200,465100
jamescharles,James Charles,Beauty,,23300000,United States,293900,432000
jamesrodriguez10,James RodriÌguez,Sports with a ball,,49100000,Colombia,506000,768300
jamorant,12 ğŸ¥·ğŸ½ğŸ–¤,Lifestyle,Sports with a ball,5900000,United States,332900,537800
janhvikapoor,Janhvi Kapoor,Lifestyle,Cinema & Actors/actresses,16100001,India,951300,1100000
jannatzubair29,Jannat Zubair Rahmani,Cinema & Actors/actresses,,41200000,India,614700,748600
jaspritb1,jasprit bumrah,Lifestyle,,9500000,India,466500,536000
jaybnow.hr,LIM JAE BEOM,Music,,6600000,Brazil,561300,731700
jaydacheaves,JAYDA WAYDA,Clothing & Outfits,,7000000,United States,128500,381300
jbalvin,J Balvin,Music,,51900000,Mexico,273600,363000
jennaortega,Jenna Ortega,Cinema & Actors/actresses,Lifestyle,7400000,United States,257101,366100
jennierubyjane,J,Music,,64800000,Indonesia,6200000,7400000
jennifer.garner,Jennifer Garner,Cinema & Actors/actresses,,12500000,United States,255600,289400
jenniferaniston,Jennifer Aniston,Cinema & Actors/actresses,,40100000,Brazil,1600000,2300000
jenniferwinget1,Jennifer Winget,Cinema & Actors/actresses,,12300000,India,322300,391700
jennmuriel,Jenn muriel,Lifestyle,Modeling,5500000,Colombia,451500,562600
jensenackles,Jensen Ackles,Cinema & Actors/actresses,,9100000,United States,504600,655900
jeremyrenner,Jeremy Renner,Shows,Cinema & Actors/actresses,17200000,United States,192900,230800
jeromepolin,Jerome Polin Sijabat ã‚·ã‚™ã‚§ãƒ­ãƒ¼ãƒ ,Education,Humor & Fun & Happiness,6500000,Indonesia,424200,622400
jesselingard,JLingz,Sports with a ball,,9500000,United Kingdom,192100,294500
jessicah_o,Jessi / á„Œá…¦á„‰á…µ,Music,,9700000,United States,874500,1100000
jessicajane99,Jessica Jane,Lifestyle,,6000000,Indonesia,441400,582300
jharden13,James Harden,Sports with a ball,,11700000,United States,137500,236500
jheneaiko,JheneÌ Aiko Efuru Chilombo ğŸ”®,Music,,14000000,United States,273800,481100
jichangwook,ì§€ì°½ìš±,Cinema & Actors/actresses,,19200000,Indonesia,920200,1200000
jimmyfallon,Jimmy Fallon,Shows,Humor & Fun & Happiness,21300000,United States,97200,120900
jin,Jin of BTS,,,32000000,United States,11100000,11100000
jin_bighitentertainment,JIN (á„€á…µá†·á„‰á…¥á†¨á„Œá…µá†«),Lifestyle,,8500000,Indonesia,1200000,1400000
jinyoung_0922jy,ë°•ì§„ì˜,Music,,9300000,Indonesia,881400,1200000
jlo,Jennifer Lopez,Music,Cinema & Actors/actresses,200800000,United States,429500,549900
joaogomescantor,JoaÌƒo Gomes ğŸ™,,,10800000,Brazil,335800,917800
joaoguilherme,JÒ‰OÒ‰TÒ‰IÒ‰NÒ‰HÒ‰AÒ‰,Music,Cinema & Actors/actresses,15500000,Brazil,116800,227100
joeyking,Joey King,Music,Cinema & Actors/actresses,19100000,Brazil,541100,774100
johnnyjsuh,Johnny Suh,Lifestyle,Music,8100000,Indonesia,1300000,1600000
jojotodynho,JoJo,Music,,21700000,Brazil,117300,190100
jokowi,Joko Widodo,Finance & Economics,,45800000,Indonesia,158000,196000
jongsuk0206,ì´ì¢…ì„,Cinema & Actors/actresses,,22200000,Indonesia,2200000,2900000
jordialbaoficial,Jordi Alba,Sports with a ball,,14100000,Spain,135700,196300
jorgelopez_as,Jorge Lopez,Cinema & Actors/actresses,,9700000,Brazil,211300,346300
joshu_acoustic,Joshua Hong,Music,,4000000,N/A,0,1000000
joshuadun,jÃ¸sh dun,Music,,5800000,United States,540300,660000
juandam___,JuanDa.,,,3500000,Colombia,772400,941200
juandediospantoja,JD PANTOJA ğŸ‡²ğŸ‡½,Music,Art/Artists,21500000,Mexico,519100,591800
juanpazurita,Juanpa Zurita,Cinema & Actors/actresses,,28600000,Mexico,341700,485800
juansguarnizo,Juan SebastiÃ¡n Guarnizo,,,4700000,Mexico,659600,722900
juicewrld999,Juice WRLD 9 9 9,,,12200000,United States,493900,833200
juki_lop,JukiLop,Shows,Family,9100000,Mexico,493000,573300
julesleblanc,julianna,Music,Shows,9700000,United States,409500,592100
julianapaes,Juliana Paes,Art/Artists,Cinema & Actors/actresses,30200000,Brazil,61400,95200
juliette,Juliette,Cinema & Actors/actresses,,33700000,Brazil,201200,319800
jungkook_bighitentertainment,JUNGKOOK (ì „ì •êµ­) Updates,Management & Marketing,Music,9900000,Brazil,1800000,2000000
jungkook.97,Jungkook,,,35800000,N/A,11400000,11400000
justinbieber,Justin Bieber,Music,,227000000,India,439100,638200
justinbieber,Justin Bieber,Music,,227400000,India,314200,445300
justintimberlake,Justin Timberlake,Music,Art/Artists,64200000,United States,323300,432900
juventus,Juventus,Sports with a ball,,52900000,India,61800,89400
k.kbeom,á„€á…µá†·á„‡á…¥á†· kimbum,,,5200000,Indonesia,1000000,1200000
k.mbappe,Kylian MbappeÌ,Sports with a ball,,68900000,France,3000000,4300000
kajalaggarwalofficial,Kajal A Kitchlu,Cinema & Actors/actresses,,21700000,India,527300,638000
kaka,KakaÌ,Sports with a ball,,17900000,Brazil,83600,136100
kaliuchis,,Music,,3700000,United States,399200,689700
kapilsharma,Kapil Sharma,Cinema & Actors/actresses,Shows,39800000,India,690200,789300
kareenakapoorkhan,Kareena Kapoor Khan,Lifestyle,Cinema & Actors/actresses,8900000,India,367400,458300
karimbenzema,Karim Benzema,Sports with a ball,,47400000,France,981200,1400000
karljacobs,Karl Jacobs,,,4000000,United States,722500,941700
karolg,KAROL G,Music,,50800000,Mexico,4500000,5400000
kartikaaryan,KARTIK AARYAN,Cinema & Actors/actresses,,23800000,India,472200,588200
katherinelangford,KATHERINE LANGFORD,Cinema & Actors/actresses,,25700000,India,241900,346400
katrinakaif,Katrina Kaif,Beauty,,62900000,India,1000000,1100000
katyperry,KATY PERRY,Music,,156600000,Brazil,231800,302600
kawtarbamo,KAWTAR BA-MOHAMED,Cinema & Actors/actresses,,7200000,Morocco,275900,374100
kaylanicolejones,,Shows,,7300000,United States,166500,352700
keerthysureshofficial,Keerthy Suresh,Fashion,Cinema & Actors/actresses,12500000,India,650700,743600
kehlani,Kehlani,Music,Family,13700000,United States,210500,328200
kendalljenner,Kendall,Modeling,Fashion,227400000,United States,3400000,5500000
keniaos,Kenia Os,Music,,12600000,Mexico,545200,709000
kentooyamazaki,å±±ï¨‘è³¢äºº,Cinema & Actors/actresses,,4900000,Japan,583000,677100
kenzie,kenzie â™¡,Art/Artists,,14800000,United States,232400,353600
kevindebruyne,Kevin De Bruyne,Sports with a ball,,16800000,United Kingdom,247500,382900
kevinhart4real,Kevin Hart,Cinema & Actors/actresses,,140200000,United States,111300,141000
kevinroldankr,KR â™›,Music,,10100000,Mexico,180200,291400
khabib_nurmagomedov,Ğ¥Ğ°Ğ±Ğ¸Ğ± ĞÑƒÑ€Ğ¼Ğ°Ğ³Ğ¾Ğ¼ĞµĞ´Ğ¾Ğ²,Fitness & Gym,,33300000,Russia,252600,353300
khaby00,Khaby Lame,,,73900000,Iran,4300000,6500000
khloekardashian,KhloeÌ Kardashian,Clothing & Outfits,Lifestyle,230200000,United States,991100,1200000
kiaraaliaadvani,KIARA,Cinema & Actors/actresses,,22100000,India,828800,939300
kiernanshipka,Kiernan Shipka,Cinema & Actors/actresses,,8100000,Brazil,207300,335800
kimberly.loaiza,KIM LOAIZA ğŸ–¤,Clothing & Outfits,Lifestyle,33900000,Mexico,995000,1200000
kimjuncotton,SUHO,Lifestyle,,9700000,Indonesia,1400000,1700000
kimkardashian,Kim Kardashian,Fashion,Beauty,296400000,United States,2000000,2900000
kimshantal,Kim Shantal ğŸŒ¹,Music,,11600000,Mexico,203300,237800
kingarturo23oficial,Arturo Vidal,Sports with a ball,,16700000,Italy,120800,194800
kingbach,King Bach,Music,Art/Artists,22100000,United States,120600,242000
kingjames,ğŸ‘‘,Sports with a ball,,116600000,United States,952900,1600000
kingryan,Ryan Garcia,Fitness & Gym,,8700000,United States,209500,316600
kittychicha,NANNO | KITTYCHICHA AMATAYAKUL,Lifestyle,,4200000,Philippines,678800,823400
kjapa,KJ Apa,Cinema & Actors/actresses,,19000000,United States,1000000,1500000
kkvsh,ğŸ‡¯ğŸ‡²ğŸ¦‚ğŸ‡¸ğŸ‡»,Lifestyle,,8200000,United States,198800,336600
klaythompson,Klay Thompson,Sports with a ball,Lifestyle,11600000,United States,202300,294700
kourtneykardash,Kourtney â¤ï¸,Lifestyle,,166400000,United States,674500,961200
krisjenner,Kris Jenner,Shows,Beauty,46600000,United States,119600,183400
kritisanon,Kriti,Modeling,,47300000,India,565500,658200
ksi,KSI,Music,,11200000,United Kingdom,611700,857500
kun11xd,KUN,Lifestyle,,6500000,Indonesia,802400,1000000
kunaguero,Sergio Leonel AguÌˆero,Sports with a ball,,22400000,Argentina,458400,794500
kyliejenner,Kylie ğŸ¤,Fashion,Modeling,323300000,United States,7600000,12300000
kyo1122,Song hyekyo,Cinema & Actors/actresses,,12900000,Indonesia,636200,810500
kyrieirving,K.A.I HÃ©lÃ ,Sports with a ball,,16200000,United States,142700,216800
l7nnon,L7,Lifestyle,Shows,6300000,Brazil,214000,507900
la_segura,LA SEGURA â™› â™¥,Cinema & Actors/actresses,,8200000,Colombia,335200,411300
lacikaysomers,Laci Kay Somers,Music,Modeling,11800000,United States,147500,253700
ladivaza,âœ¨LA DIVAZAâœ¨,Music,Modeling,6800000,Mexico,388900,474500
ladygaga,Lady Gaga,Music,Cinema & Actors/actresses,51900000,United States,498300,700000
lakers,Los Angeles Lakers,Sports with a ball,,19300000,United States,85800,132400
lalalalisa_m,LISA,Music,,75700000,Indonesia,7500000,8600000
lamborghini,Lamborghini,Luxury,Cars & Motorbikes,31600000,India,174400,240500
lanacondor,,Cinema & Actors/actresses,,10900000,Brazil,283000,385700
larasilva,Lara Silva ğŸ’¦,Shows,Adult content,16800000,Brazil,789000,1200000
larissamanoela,Larissa Manoela,Cinema & Actors/actresses,,44800000,Brazil,192100,320400
larray,larri,Lifestyle,Modeling,6700000,United States,357000,521500
laurenlondon,Lauren London,Cinema & Actors/actresses,Modeling,9700000,United States,217700,371600
ldh_sky,á„‹á…µá„ƒá…©á„’á…§á†«,,,5500000,Indonesia,978400,1300000
leaelui,Lea Elui G,Modeling,Lifestyle,11700000,India,428400,719500
leedongwook_official,ì´ë™ìš± (Official_Instagram),Cinema & Actors/actresses,,14100000,Indonesia,1000000,1400000
leeyoum262,á„‹á…µá„‹á…²á„†á…µ,Photography,Humor & Fun & Happiness,8100000,South Korea,562700,688800
leighannepinnock,Leigh-Anne Pinnock,Music,,8500000,Brazil,279100,398000
lelepons,Lele Pons,Music,,47700000,Mexico,724300,1100000
leomessi,Leo Messi,Sports with a ball,Family,315400000,Argentina,4000000,5300000
leonardodicaprio,Leonardo DiCaprio,Cinema & Actors/actresses,,52800000,United States,132000,166200
ler_chek,Ğ’Ğ°Ğ»ĞµÑ€Ğ¸Ñ Ğ§ĞµĞºĞ°Ğ»Ğ¸Ğ½Ğ°,Lifestyle,Beauty,10500000,Russia,713000,923300
lestykejora,Lestikejora,Music,,24900000,Indonesia,372900,484000
letthelordbewithyou,Scott Disick,Lifestyle,Family,26500000,United States,61500,92200
lewishamilton,Lewis Hamilton,Racing Sports,,27500000,Brazil,819900,1200000
lexibrookerivera,Lexi Rivera,Shows,Humor & Fun & Happiness,8400000,United States,778000,975400
liampayne,Liam Payne,Music,,24100000,United States,420400,585500
lilbaby,WHAM,Music,,18800000,United States,475400,876500
lildurk,DURKIOOO,Music,Art/Artists,13000000,United States,162100,458200
lilireinhart,Lili Reinhart,Cinema & Actors/actresses,,29000000,Brazil,1500000,2200000
lilnasx,MONTERO,Music,,12200000,United States,815500,1400000
liluzivert,,Music,,15800000,United States,1100000,2000000
lilyjcollins,Lily Collins,Cinema & Actors/actresses,,26900000,United States,314300,467300
linatejeiro,Lina Tejeiro.,Cinema & Actors/actresses,,9200000,Colombia,237700,287000
lisakudrow,Lisa Kudrow,Cinema & Actors/actresses,,8500000,India,356600,475700
litkillah,MAWZğŸ’¬,Music,,7200000,Argentina,438700,578400
littlebodybigheart,Melanie Martinez,Music,,11100000,Brazil,913100,1200000
littlemix,Little Mix,Music,,15400000,Brazil,172100,232000
liverpoolfc,Liverpool Football Club,Sports with a ball,,36700000,United Kingdom,100200,138200
lizakoshy,Liza Koshy,Cinema & Actors/actresses,,19600000,United States,156300,208800
lizasoberano,Liza Soberano,Beauty,Cinema & Actors/actresses,16900000,Philippines,243100,289900
lizgillz,Elizabeth Gillies,Music,Cinema & Actors/actresses,13900000,Mexico,563000,816300
lizzobeeating,Lizzo,Music,Lifestyle,12100000,United States,213100,298300
loganpaul,Logan Paul,Fitness & Gym,,22500000,United States,549400,733800
lomon991111,Lomon 991111,,,5700000,N/A,0,1700000
loren,loren gray,Fashion,Modeling,22500000,United States,137300,227300
loud_babi,BaÌrbara Passos,Lifestyle,,9200000,Brazil,200100,323500
loud_victor,Victor Augusto,Lifestyle,Sports with a ball,10400000,Brazil,511200,652300
louist91,Louis Tomlinson,Music,,18200000,Brazil,1100000,1500000
louisvuitton,Louis Vuitton,Fashion,Clothing & Outfits,47700000,Brazil,46200,59700
lucas_lira,Lucas Lira,Humor & Fun & Happiness,Lifestyle,5800000,Brazil,296500,434300
lucasranngel,LUCAS RANGEL,Lifestyle,,19200000,Brazil,186800,412300
lucyhale,Lucy Hale,Cinema & Actors/actresses,,24300000,United States,183500,240400
ludmilla,Ludmilla,Music,,26500000,Brazil,143500,212600
luisafernandaw,Luisa Fernanda W,Lifestyle,Beauty,16900000,Colombia,106300,162100
luisasonza,LUÃSA SONZA,Music,Lifestyle,28200000,Brazil,125100,198900
luisitocomunica,Luisillo El Pillo,Humor & Fun & Happiness,Clothing & Outfits,31700000,Mexico,939800,1200000
luissuarez9,Luis Suarez,Sports with a ball,,43000000,Brazil,238800,356500
lukamodric10,Luka Modric,Sports with a ball,,21600000,Spain,419800,616300
lunay,EL NINÌƒO ğŸ‘¶ğŸ»,Music,,10300000,Mexico,202600,296600
luvadepedreiro,Iran Ferreira,,,9500000,Brazil,910400,2100000
lynaritaa,Lyna Perez,,,8600000,United States,227100,299400
m_kayoung,MUN KA YOUNG,Cinema & Actors/actresses,,7900000,Indonesia,1100000,1500000
m10_official,Mesut OÌˆzil,Sports with a ball,,24000000,Turkey,526600,738300
machinegunkelly,the Blonde Don,Music,,9600000,United States,284000,457500
maddieziegler,maddie,Cinema & Actors/actresses,Modeling,13900000,United States,533400,799900
madelame,Madelaine Petsch,Cinema & Actors/actresses,,25300000,Russia,1300000,1800000
madelyncline,Maddie,,,12400000,United States,1600000,2300000
madhuridixitnene,Madhuri Dixit,Music,Cinema & Actors/actresses,30600000,India,297200,343100
madisonbaileybabe,Maddie Baby,Lifestyle,,6700000,United States,416400,779300
madisonbeer,Madison Beer,Music,,30600000,United States,630200,940900
mahnaz_afshar,Mahe Man,Cinema & Actors/actresses,Lifestyle,15700000,Iran,154300,212900
maisa,#NAME?,Music,,42000000,Brazil,343700,468000
maluma,MALUMA,Music,,61600000,Italy,329200,507600
malutrevejo,MaluÌ ğŸ¦‹ 222ğŸ¤,Music,,11200000,United States,277200,496800
manchesterunited,Manchester United,Sports with a ball,,56500000,United Kingdom,116600,188800
manelyk_oficial,Manelyk Gonzalez,Music,,14100000,Mexico,179500,240400
maneskinofficial,MaÌŠneskin,Lifestyle,,6000000,Italy,519400,733500
manurios,manu rios,Shows,,9900000,Mexico,572700,966000
marcelotwelve,Marcelo Vieira,Sports with a ball,,53000000,Spain,413500,622200
marcmarquez93,Marc MaÌrquez,Racing Sports,,6600000,Indonesia,478200,634500
marcoasensio10,Marco Asensio,Sports with a ball,,13600000,Spain,194300,298300
marcusrashford,Marcus Rashford MBE,Sports with a ball,,12700000,United Kingdom,401900,635500
mariaalice,Maria Alice,,,6800000,Brazil,673400,1400000
mariabecerra,Maria Becerra,Music,,8600000,Argentina,332300,785000
mariapedraza_,MariÌa Pedraza,Cinema & Actors/actresses,,12000000,Spain,279600,369000
marimaria,Mari Maria,Beauty,,19900000,Brazil,126600,242700
marinaruybarbosa,Marina Ruy Barbosa,Cinema & Actors/actresses,,39800000,Brazil,86600,130100
markiplier,Markiplier,Shows,,9800000,United States,406500,463300
markruffalo,Mark Ruffalo,Cinema & Actors/actresses,,20500000,Brazil,194300,244200
marktuan,Mark Tuan,Music,Cinema & Actors/actresses,12100000,Thailand,667100,877200
marshmellomusic,marshmello,Music,,29200000,India,345600,406600
martingarrix,Martin Garrix,Music,,15600000,Mexico,152800,216300
marvel,Marvel Entertainment,Cinema & Actors/actresses,Comics & sketches,62700000,United States,180100,212500
marvelstudios,Marvel Studios,Cinema & Actors/actresses,Comics & sketches,36100000,India,225500,252600
mathildtantot,Mathilde,Lifestyle,Modeling,10300000,United States,310200,470000
matue30,MATUÃŠ,Lifestyle,,6100000,Brazil,186000,408100
maudeapatow,Maude Apatow,Lifestyle,Cinema & Actors/actresses,4800000,United States,577000,955100
maudyayunda,Maudy Ayunda,Music,,15400000,Indonesia,110900,163500
maxverstappen1,Max Verstappen,Racing Sports,,8200000,United States,398700,524400
meganfox,Megan Fox,Cinema & Actors/actresses,,19900000,United States,2100000,3400000
mehraadjam,Mehraad Jam,Music,,4700000,Iran,385000,564100
mejiwoo103,á„Œá…µá„‹á…®,,,11100000,Indonesia,432400,521900
melissamelmaia,MEL MAIA ğŸ¯,Music,,11500000,Brazil,245100,444100
melo,LaMelo Ball,Sports with a ball,,8300001,United States,298100,605600
memezar,Memezar â€¢ Comedy and Culture,Cinema & Actors/actresses,,23700000,United States,325600,484700
memphisdepay,Memphis Depay,Sports with a ball,,14200000,France,191600,339100
mercedesbenz,Mercedes-Benz,Cars & Motorbikes,Luxury,35300000,Iran,75000,106800
miakhalifa,Mia K.,Fitness & Gym,Lifestyle,27700000,India,1500000,2300000
michaelbjordan,Michael B. Jordan,Cinema & Actors/actresses,,18400000,United States,452900,751000
michaelclifford,michael clifford,Music,,5800000,United States,291900,427900
michelleobama,Michelle Obama,Finance & Economics,Business & Careers,49100000,United States,132300,150200
miguel_bernardeau,Miguel Bernardeau,Cinema & Actors/actresses,,7000000,Spain,260800,384500
miguel.g.herran,Miguel HerraÌn,Cinema & Actors/actresses,,14200000,Brazil,998200,1500000
miketyson,Mike Tyson,Fitness & Gym,,18100000,United States,122800,157300
mikhail_litvin,ĞœĞ¸Ñ…Ğ°Ğ¸Ğ» Ğ›Ğ¸Ñ‚Ğ²Ğ¸Ğ½,Shows,,14600000,Russia,972000,1200000
milad_khahhh,Milad Ghasemikhah pargam,Lifestyle,,5600000,Iran,365100,512701
mileycyrus,Miley Cyrus,Music,,163800000,United States,439700,594900
milliebobbybrown,Millie Bobby Brown,Cinema & Actors/actresses,,48200000,Brazil,2100000,2700000
mimikeene3,ğ•„ ğ•€ ğ•„ ğ•€  ğ•‚ ğ”¼ ğ”¼ â„• ğ”¼,Cinema & Actors/actresses,,4300000,United Kingdom,765800,1400000
min9yu_k,ê¹€ë¯¼ê·œ,Music,,6000000,Indonesia,1100000,1300000
mingue.k,ê¹€ë¯¼ê·œ,Shows,,3300000,Indonesia,893500,1100000
mirandacosgrove,Miranda Cosgrove,Music,Cinema & Actors/actresses,9800000,Brazil,213500,333600
mirella,BAD MI âš¡ï¸ MC MIRELLA,Music,,26600000,Brazil,230400,486700
missasinfonia,MissaSinfonia,,,4600000,Mexico,656800,752900
mo.on_air,TAEIL,,,4400000,Indonesia,1200000,1400000
mohamedramadanws,Mohamed Ramadan,Music,,20100000,Egypt,93900,129900
mohanshakti,Shakti Mohan,Art/Artists,Cinema & Actors/actresses,14900000,India,207000,248000
mont.pantoja,MONT,,,11400000,Mexico,498700,593700
mosalah,Mohamed Salah,Sports with a ball,,49000000,Egypt,1200000,1700000
mr_faisu_07,FAISAL SHAIKH,Modeling,Cinema & Actors/actresses,26900000,India,362000,462100
mrbeast,MrBeast,Shows,Humor & Fun & Happiness,18000000,United States,1400000,1800000
ms_puiyi,Siew Pui Yi ğŸ¤,Adult content,,17200000,United States,384000,491900
mterstegen1,Marc ter Stegen,Sports with a ball,,13300000,Spain,280000,422000
myketowers,MICHAEL,Music,,9400000,Spain,207900,376100
na.jaemin0813,JAEMIN,,,8800000,Indonesia,1900000,2400000
nabilla,Nabilla Vergara âœ¨,Beauty,,7200000,France,266800,367400
nadin_serovski,Nadin Serovski,Family,Lifestyle,9400000,Russia,515701,710100
nadine,å°å®®å¸Œç¾ ğŸ¤,Music,Shows,11100000,Philippines,319900,354600
naileadevora,nai,Shows,,5000000,United States,482400,712700
nameisnani,Nani,Sports with a ball,,4800000,India,517800,559000
nancyajram,Nancy Ajram,Music,,32400000,Iraq,140300,179500
narendramodi,Narendra Modi,Finance & Economics,Business & Careers,66500000,India,1500000,1700000
narins_beauty,â€¢â€¢Narins Beautyâ€¢â€¢,Lifestyle,,8400000,Syria,351600,429000
nasa,NASA,Science,Photography,75300000,India,564500,653200
natalee.007,Natalie Lee,Modeling,Music,6900000,United States,286600,366100
natashawilona12,Natasha Wilona,Beauty,,37500000,Indonesia,233300,278600
natgeo,National Geographic,Nature & landscapes,Science,214600000,United States,124700,145500
natgeotravel,National Geographic Travel,Nature & landscapes,Photography,45400000,United States,50600,56900
nattinatasha,NATTI NATASHA,Music,Cinema & Actors/actresses,35400000,Mexico,281100,338300
navidmohammadzadeh,navid mohammadzadeh,Cinema & Actors/actresses,,8200000,Iran,541400,764000
nazriyafahadh,Nazriya Nazim Fahadh,Lifestyle,,5500000,India,371800,497800
nba,NBA,Sports with a ball,,65800000,United States,40600,68200
ncentineo,Noah,Cinema & Actors/actresses,,17000000,Brazil,200300,333600
nct,NCT Official Instagram,Music,,13600000,Indonesia,624900,819900
nct_dream,NCT DREAM OFFICIAL,,,9200000,Indonesia,576300,642900
nct127,NCT 127 Official Instagram,Music,,13700000,Indonesia,787200,972300
nehakakkar,Neha Kakkar (Mrs. Singh),Music,,68500000,India,664800,774400
nehasharmaofficial,Neha Sharma ğŸ’«,Cinema & Actors/actresses,,13900000,India,232800,267600
neslihanatagul,Neslihan AtaguÌˆl DogÌ†ulu,Cinema & Actors/actresses,Modeling,13000000,Turkey,670600,842600
nessabarrett,ness,,,6600000,United States,340200,461300
netflix,Netflix US,Cinema & Actors/actresses,Shows,29500000,Brazil,65000,105900
netflixbrasil,Netflix Brasil,Shows,Cinema & Actors/actresses,29900000,Brazil,103700,177500
neymarjr,NJ ğŸ‡§ğŸ‡·,Sports with a ball,,172000000,Brazil,1600000,2300000
niallhoran,Niall Horan,Music,,29400000,United States,1200000,1800000
nianaguerrero,Niana,Music,Kids & Toys,14000000,Indonesia,410600,514800
nicki.nicole,,Music,,11500000,Argentina,876200,1300000
nickiminaj,Barbie,Music,,181600000,United States,393700,615200
nickjonas,Nick Jonas,Music,Art/Artists,32300000,United States,164000,233000
nickyjam,NICKY JAM,Music,,42700000,Colombia,290900,347000
nicolegarcia,NICOLE,Lifestyle,,5300000,Mexico,384900,503400
nike,Nike,Fitness & Gym,Shopping & Retail,208900000,United States,129500,175500
nikefootball,Nike Football (Soccer),Sports with a ball,Clothing & Outfits,44300000,Brazil,74800,117400
nikitadragun,Nikita,Beauty,Modeling,9100000,United States,368000,562100
nikkietutorials,NikkieTutorials,Beauty,,15600000,United States,353800,480500
nina,Nina Dobrev,Cinema & Actors/actresses,,25500000,Brazil,778500,1100000
nita_shilimkar,Nita Shilimkar,Fashion,Modeling,10300000,India,351100,464900
noahbeck,Noah Beck,Sports with a ball,,9000000,United States,317300,523000
noahschnapp,Noah Schnapp,Cinema & Actors/actresses,,20100000,Brazil,1300000,1700000
nobru,Bruno Goes ğŸ­,,,13200000,N/A,0,350200
nobru,Bruno Goes ğŸ­,Machinery & Technologies,Computers & Gadgets,13200000,N/A,0,350100
nodal,Christian Nodal ğŸ‡²ğŸ‡½ ğŸŒµğŸ’š,Music,,8400000,Mexico,252400,415500
nolimitherbo,G HERBO,Music,Art/Artists,7400000,United States,156200,374700
noorstars,Ù†ÙˆØ± Ø³ØªØ§Ø±Ø² | Noor Stars,Shows,,12600000,Iraq,149500,199600
norafatehi,Nora Fatehi,Cinema & Actors/actresses,Music,38600000,India,865800,1100000
normani,Normani,Lifestyle,,7000000,United States,313800,490900
nusr_et,Nusr_et#Saltbae,Food & Cooking,,43500000,Turkey,192900,285400
o.dembele7,Believe,Sports with a ball,,10300000,Spain,468600,804000
obj,Odell Beckham Jr,Sports with a ball,,15800000,United States,339500,645800
obx,Outer Banks,,,5400000,United States,587300,1100000
officialslystallone,Sly Stallone,Art/Artists,Cinema & Actors/actresses,14800000,United States,162900,206300
offsetyrn,OFFSET,Music,,19700000,United States,313300,559800
oliviarodrigo,Olivia Rodrigo,Music,Cinema & Actors/actresses,22900000,India,2800000,3500000
onwardwanna,"Javon ""Wanna"" Walton",Lifestyle,Cinema & Actors/actresses,5100000,United States,1000000,1700000
onyourm__ark,Mark,,,8300001,Indonesia,1700000,2100000
oohsehun,SEHUN,Music,,22900000,Indonesia,1900000,2400000
ozuna,@ozutochi ğŸ”œ #TemporadaDelOzo,Music,,22200000,Spain,167100,225300
pablogavi,GAVI,,,3300000,N/A,0,841600
paollaoliveirareal,Paolla Oliveira,Cinema & Actors/actresses,Lifestyle,33600000,Brazil,127600,167400
parineetichopra,Parineeti Chopra,Cinema & Actors/actresses,,35200000,India,357500,412100
paulodybala,Paulo Dybala,Sports with a ball,,45800000,Argentina,662900,1100000
paulolondra,Paulo londra,Music,,12600000,Argentina,1200000,1900000
paulpogba,Paul Labile Pogba,Sports with a ball,,52800000,Brazil,353400,628500
paulwalker,Paul Walker,Cinema & Actors/actresses,,14600000,India,217200,297800
paulwesley,Paul Wesley,Cinema & Actors/actresses,,12200000,Brazil,640000,958000
pefabiodemelo,Padre FÃ¡bio de Melo,Lifestyle,,25500000,Brazil,81600,122900
perrieedwards,Perrie Edwards ğŸ–¤,Modeling,,14500000,Brazil,523100,816700
perspolis,P e r s e p o l i s,Sports with a ball,,7600000,Iran,276500,393200
pewdiepie,PewDiePie,Computers & Gadgets,,21900000,United States,1200000,1400000
peytonlist,Peyton List,Cinema & Actors/actresses,,19700000,United States,360000,541500
pharrell,ğ’ğğ ğğ… ğ€ ğğ‡ğ€ğ‘ğ€ğğ‡,Music,,13500000,United States,126400,181100
phil.coutinho,Philippe Coutinho,Sports with a ball,,24500000,Brazil,456200,740900
phoebejtonkin,Phoebe Tonkin,Beauty,Cinema & Actors/actresses,8200000,United States,236800,338600
phs1116,ë°•í˜•ì‹ / PARKHYUNGSIK,Business & Careers,,9500000,Indonesia,2000000,2600000
playboicarti,,Music,,8000000,United States,1200000,2100000
playstation,PlayStation,Computers & Gadgets,Machinery & Technologies,28900000,United States,80500,99300
pokimanelol,pokimane â¤,Lifestyle,Shows,6000000,United States,526700,694800
pokrov90,ĞĞĞ¯ ĞŸĞĞšĞ ĞĞ’ - ĞĞĞ¢Ğ˜Ğ“Ğ Ğ£Ğ¡Ğ¢Ğ˜ĞğŸ¥‘â¤ï¸,Shows,,7300000,Russia,350300,408100
polo.capalot,Polo.GğŸ,Music,Lifestyle,10200000,United States,416900,685700
pooorblack,Pooorblack,,,4000000,Iran,530000,687400
porsche,Porsche,Cars & Motorbikes,,26400000,United States,97100,124400
postmalone,twelve carat toothache,Music,,22300000,United States,407300,623100
prattprattpratt,Chris Pratt,Cinema & Actors/actresses,,35500000,United States,193000,250900
premierleague,Premier League,Sports with a ball,,55400000,United Kingdom,49500,69500
prideofgypsies,Jason Momoa,Cinema & Actors/actresses,,16800000,United States,141000,181300
prillylatuconsina96,Prilly Latuconsina,Cinema & Actors/actresses,Music,46600000,Indonesia,56400,81600
priyankachopra,Priyanka,Cinema & Actors/actresses,,75700000,India,643000,778200
psg,Paris Saint-Germain,Sports with a ball,,58000000,Brazil,295800,495000
pubity,Pubity,Humor & Fun & Happiness,,31600000,United States,214500,313300
pugachevmark,Mark Pugachev,Cars & Motorbikes,Luxury,10000000,Russia,358100,525900
quackity,quackity,,,3200000,United States,666400,819100
quavohuncho,QuavoHuncho,Music,,20800000,United States,103000,170100
raashiikhanna,Raashii Khanna,Cinema & Actors/actresses,Music,8100000,India,256601,305900
rachel_mypark,á„‡á…¡á†¨á„†á…µá†«á„‹á…§á†¼ Minyoung Park,Cinema & Actors/actresses,,9700000,Indonesia,784600,977100
rachelvennya,Rachel Vennya Roland,Kids & Toys,Family,6700000,Indonesia,176400,372500
rafaelnadal,Rafa Nadal,Sports with a ball,,14000000,Spain,228700,286300
rafaeluccman,Rafael Uccman,Lifestyle,Modeling,8600000,Brazil,227100,472900
rafakalimann,RAFA KALIMANN,Modeling,,22800000,Brazil,90900,163300
raffinagita1717,Raffi Ahmad and Nagita Slavina,Shows,,60600000,Indonesia,37400,52500
rahulkl,KL RahulğŸ‘‘,Sports with a ball,,11900000,India,676900,788500
raisa6690,,Music,,30400000,Indonesia,60600,94000
rakulpreet,Rakul Singh,Cinema & Actors/actresses,Modeling,19200000,India,334100,392500
ranveersingh,Ranveer Singh,Cinema & Actors/actresses,Modeling,38900000,India,314700,408400
raphaelvarane,Raphael Varane,Sports with a ball,,18400000,Spain,200800,301400
rashmika_mandanna,Rashmika Mandanna,Beauty,Art/Artists,30000000,India,1700000,2000000
ratantata,Ratan Tata,Business & Careers,,5900000,India,952200,1100000
rauwalejandro,RAâ€™ RAUW,Music,,13700000,Spain,382400,553000
realbarbarapalvin,Barbara Palvin,Modeling,Fashion,17500000,Russia,480200,649000
realhinakhan,HK,Cinema & Actors/actresses,,16700000,India,189500,233600
realmadrid,Real Madrid C.F.,Sports with a ball,,113000000,Spain,407200,563100
realshadmehr,Shadmehr Aghili,Music,,7600000,Iran,330200,460800
realstraykids,Stray Kids,Music,,20100000,Indonesia,1700000,2000000
redvelvet.smtown,Red Velvet Official,Music,Beauty,11400000,Indonesia,327900,398900
reesewitherspoon,Reese Witherspoon,Cinema & Actors/actresses,,27600000,United States,152500,183700
regejean,RegeÌ-Jean Page,,,5500000,Brazil,473600,750300
renebaebae,IRENE,Lifestyle,Modeling,9900000,Indonesia,1400000,1700000
residente,ReneÌ PeÌrez Joglar,Music,,8700000,Colombia,480400,743900
reynmen,reyn,Music,Cinema & Actors/actresses,7000000,Turkey,418000,531500
rezagolzar,Mohammad Reza Golzar,Cinema & Actors/actresses,,11700000,Iran,178500,263100
riaricis1795,RICIS,Lifestyle,,30300000,Indonesia,868200,1100000
ricky_martin,Ricky Martin,Music,,16700000,Argentina,141200,190400
rishabpant,Rishabh Pant,Sports with a ball,,6100000,India,496500,589600
riteishd,Riteish Deshmukh,Art/Artists,Cinema & Actors/actresses,13800000,India,282200,328900
riyadmahrez26.7,RM26,Sports with a ball,,8500000,Algeria,333900,429900
riyaz.14,Riyaz Aly,Lifestyle,Art/Artists,26100000,India,399800,519500
rizkybillar,Muhammad Rizky Billar,Shows,Beauty,12600000,Indonesia,322100,414800
rizkyfbian,Salah,,,12300000,Indonesia,133100,203600
rkive,RM,,,31300000,N/A,8600000,8600000
robertdowneyjr,Robert Downey Jr. Official,Cinema & Actors/actresses,,51900000,India,1600000,2100000
roberto_firmino,ROBERTO FIRMINO,Sports with a ball,,13200000,Brazil,144600,214900
rockstargames,Rockstar Games,Computers & Gadgets,,22300000,United States,108500,135200
rogerfederer,Roger Federer,Sports with a ball,,9200000,Spain,484700,627900
rohitsharma45,Rohit Sharma,Sports with a ball,Lifestyle,23300000,India,1100000,1200000
rohittt_09_,ğ‘ğ¨ğ¡ğ¢ğ­ ğ™ğ¢ğ§ğ£ğ®ğ«ğ¤ğ ~ ğ«ğğšğœğ­ğ¢ğ¨ğ§ğ›ğ¨ğ¢ ğŸ’«,Shows,Lifestyle,21200000,India,788700,1100000
romanreigns,Joe Anoai aka â€œRoman Reignsâ€,,,6000000,India,383100,497400
romeosantos,Romeo Santos,Music,,19000000,United States,225000,277900
ronaldinho,Ronaldo de Assis Moreira,Sports with a ball,,65100000,Brazil,183800,317000
rosalia.vt,LA ROSALIÌA,Music,,19500000,Spain,737000,967100
roses_are_rosie,ROSEÌ,Music,,57500000,Indonesia,4800000,5500000
ross_lynch,Ross Shor Lynch,Music,Cinema & Actors/actresses,10000000,United States,348300,695500
ruben_onsu,Ruben Onsu,Cinema & Actors/actresses,Shows,37900000,Indonesia,64200,79500
rubyrose,Ruby Rose,Modeling,,18800000,United States,171300,225700
rupertgrint,Rupert Grint,,,4700000,Brazil,579000,821500
sabrinacarpenter,Sabrina Carpenter,Music,,27100000,Brazil,1100000,1300000
sachintendulkar,Sachin Tendulkar,Sports with a ball,Lifestyle,33500000,India,333400,399900
sadiesink_,Sadie Sink,Modeling,Lifestyle,15300000,Brazil,1200000,1700000
sadiomaneofficiel,Sadio Mane,Sports with a ball,,10400000,United Kingdom,350700,500300
saharghoreyshiofficialpage,Ø³Ø­Ø± Ù‚Ø±ÙŠØ´Ù‰ Sahar Ghoreyshi,Lifestyle,,10700000,Iran,193800,283900
saipallavi.senthamarai,Sai Pallavi,,,5300000,India,819500,939300
salmahayek,Salma Hayek Pinault,Cinema & Actors/actresses,,20900000,United States,212100,262500
samantharuthprabhuoffl,Samantha,Beauty,Modeling,22900000,India,584900,701500
samoylovaoxana,Samoylova Oxana,Family,Lifestyle,15200000,Russia,897600,1200000
samsmith,Sam Smith,Music,Fashion,14600000,United States,223900,328400
sanchooo10,Jadon Sancho,Sports with a ball,,8300001,United Kingdom,411400,719600
sandrinna_11,Drinna,Lifestyle,,10400000,Indonesia,252200,321600
saraalikhan95,Sara Ali Khan,Cinema & Actors/actresses,,39700000,India,247900,302000
sarahhyland,Sarah Hyland,Cinema & Actors/actresses,Lifestyle,9100000,United States,223000,278900
sarwendah29,Sarwendah29,Music,Lifestyle,30800000,Indonesia,75400,89200
sav.labrant,Savannah Rose LaBrant,Family,Lifestyle,7000000,United States,597100,798400
saweetie,icy bae ğŸŒ¸âœ¨ğŸŒ±â„ï¸,Cinema & Actors/actresses,,13100000,United States,144700,336200
sebastianyatra,Sebastian Yatra,Music,Art/Artists,29300000,Argentina,219300,305600
selenagomez,Selena Gomez,Music,Lifestyle,308200000,United States,3300000,4400000
sergioramos,Sergio Ramos,Sports with a ball,,49700000,Spain,606900,930300
serna_amini,Serna Amini,,,7600000,Iran,1300000,1800000
shahidkapoor,Shahid Kapoor,Cinema & Actors/actresses,,33500000,India,506700,574100
shakira,Shakira,Music,,71900000,India,691100,947200
shawnmendes,Shawn Mendes,Music,,67400000,Brazil,809300,1200000
shaymitchell,Shay Mitchell,Beauty,Family,32600000,United States,304800,426300
shehnaazgill,Shehnaaz Gill,Cinema & Actors/actresses,Music,11300000,India,396800,496300
shikhardofficial,Shikhar Dhawan,Sports with a ball,,10800000,India,261000,298400
shraddhakapoor,Shraddha âœ¶,Cinema & Actors/actresses,,70500000,India,1100000,1300000
shreyaghoshal,shreyaghoshal,Music,,23700000,India,127700,142500
shreyas41,Shreyas Iyer,Sports with a ball,Lifestyle,5900000,India,461700,575700
shxxbi131,B.I,,,3700000,Indonesia,585100,687300
sidhu_moosewala,Sidhu Moosewala (à¨®à©‚à¨¸à©‡ à¨†à¨²à¨¾),,,6900000,India,366600,445100
sidmalhotra,Sidharth Malhotra,Cinema & Actors/actresses,Modeling,18700000,India,602400,750000
simaria,Simaria Mendes,Music,,27600000,Brazil,223500,326200
simoneses,Simone Mendes,Music,,33700000,Brazil,327800,412200
sinavaliollah,Sina Valiollah,Shows,,6800000,Iran,376400,474700
sincerooficial,Sincero Oficial,Humor & Fun & Happiness,,21100000,Brazil,109500,212600
sivakarthikeyan,Sivakarthikeyan Doss,,,4500000,India,470600,554600
skawngur,á„‚á…¡á†·á„Œá…®á„’á…§á†¨,Cinema & Actors/actresses,,17800000,Indonesia,1800000,2500000
skuukzky,á„‰á…®á†½á„‹á…µ  ğŸ’„ğŸ’…ğŸ‘¡ğŸ‘ ğŸ€ğŸ‘™ğŸŒ‚ğŸ‘—ğŸŒ‚ğŸ€ğŸ’‹ğŸ’Œ,Clothing & Outfits,Music,17500000,Indonesia,871400,1100000
smriti_mandhana,Smriti Mandhana,Sports with a ball,,5900000,India,550900,637700
snoopdogg,snoopdogg,Lifestyle,Music,71800000,United States,60900,85500
sofiaalcastro,â™¡sofia castro,Shows,Cinema & Actors/actresses,8500000,Colombia,427400,582700
sofiavergara,Sofia Vergara,Cinema & Actors/actresses,,24800000,United States,109000,143000
sommerray,Sommer Ray,Modeling,,26700000,United States,242300,381300
somsomi0309,ENNIK,Music,,13900000,Indonesia,894600,1100000
sonamkapoor,Sonam Kapoor Ahuja,Fashion,Modeling,31900000,India,145800,173500
songkang_b,á„‰á…©á†¼á„€á…¡á†¼,,,13600000,Mexico,2000000,2800000
sonu_sood,Sonu Sood,Cinema & Actors/actresses,,14100000,India,321300,367600
soohyun_k216,á„€á…µá†·á„‰á…®á„’á…§á†« Kim Soo Hyun é‡‘ç§€è³¢,,,13300000,Indonesia,1300000,1600000
sooyaaa__,JISOOğŸ¤,Music,Beauty,58600000,Indonesia,4700000,5400000
sooyoungchoi,Sooyoung Choi,Beauty,Lifestyle,6900000,Indonesia,348900,420700
sophiedee,Sophie Dee,Adult content,,11600000,United States,186300,248000
sophiet,S O P H I E T U R N E R,Cinema & Actors/actresses,,14900000,United States,515900,693700
soueunavida,Sou Eu Na Vida,Humor & Fun & Happiness,,17500000,Brazil,204600,389500
sound_of_coups,COUPS,,,3300000,Indonesia,751600,964100
soydannyalfaro,Danny Alfaro,Beauty,,8000000,Mexico,329400,377400
soyneiva,Neiva Mara,Adult content,,11400000,Brazil,212900,285900
spacex,SpaceX,Science,Machinery & Technologies,13300000,United States,201000,244900
sportscenter,SportsCenter,Sports with a ball,Shows,30000000,United States,125800,224200
ssinz7,ë°•ì‹ í˜œ/Shin Hye Park,Music,Cinema & Actors/actresses,13500000,Indonesia,1300000,1600000
staceysolomon,Stacey Solomon,Family,,5100000,United Kingdom,409700,493600
starwars,Star Wars,Cinema & Actors/actresses,,14900000,United States,182000,231400
staskaranikolaou,Anastasia Karanikolaou,Lifestyle,,10800000,United States,179400,264100
stephencurry30,Wardell Curry,Sports with a ball,Family,41100000,United States,565700,757600
sthefanematos,STHE âš“ï¸,Lifestyle,,9700000,Brazil,256800,590200
strangerthingstv,Stranger Things Netflix,Cinema & Actors/actresses,Shows,15600000,Brazil,433200,579500
subo_m,Subhan Mamedov,Shows,,9000000,Russia,294200,360400
suga_bighitentertainment,SUGA (á„†á…µá†«á„‹á…²á†«á„€á…µ) Updates,Lifestyle,,7900000,Indonesia,1200000,1400000
sunnyleone,Sunny Leone,Beauty,Cinema & Actors/actresses,51500000,India,312800,421700
superstar_dewasi99,SUPERSTARDEWASI 99,,,8700000,India,294700,466500
sureshraina3,Suresh Raina,Modeling,,19100000,India,328700,371300
sydney_sweeney,Sydney Sweeney,Lifestyle,Cinema & Actors/actresses,11800000,United States,1800000,3400000
syifahadjureal,Syifa Hadju,Modeling,,14900000,Indonesia,295700,365000
sza,SZA,Music,,11600000,United States,748600,1300000
t22felton,Tom Felton,Music,Cinema & Actors/actresses,11900000,United States,223400,289400
taehyung.bighitentertainment,TAEHYUNG (ê¹€íƒœí˜•) Updates,Management & Marketing,Music,10300000,Indonesia,2000000,2100000
taeoxo_nct,TAEYONG íƒœìš©,,,8800000,Indonesia,1300000,1800000
taeyeon_ss,TaeYeon,Music,,18300000,South Korea,762000,925800
taina,TainaÌ Costa,Music,,15600000,Brazil,478300,998900
tamannaahspeaks,Tamannaah Bhatia,Music,Cinema & Actors/actresses,15900000,India,344400,401900
tamerhosny,Tamer Hosny,Music,Cinema & Actors/actresses,22000000,Egypt,110500,134100
tatawerneck,Tata Werneck,Cinema & Actors/actresses,Family,52100000,Brazil,80800,123500
taylor_hill,Taylor Hill,Art/Artists,Fashion,18900000,United States,115500,172900
taylorswift,Taylor Swift,Music,,204700000,Brazil,2300000,3100000
tchalamet,TimotheÌe Chalamet,Cinema & Actors/actresses,,17500000,United States,2300000,3800000
teddysphotos,Ed Sheeran,Music,,37700000,United States,161000,219800
tejasswiprakash,Tejasswi Prakash,Beauty,,5500000,India,424700,513400
tenlee_1001,TEN_+â€¢10,Music,,9400000,Indonesia,1100000,1400000
teyanataylor,Jimmy Neutch- Shumpert,Music,,14600000,United States,153900,261200
thariqhalilintar,thoriq halilintar,Shows,,6500000,Indonesia,476900,590200
thebursin,Kerem BuÌˆrsin,Cinema & Actors/actresses,,10300000,Russia,891200,1200000
thedeverakonda,Vijay Deverakonda,Cinema & Actors/actresses,,14800000,India,984900,1200000
theellenshow,Ellen DeGeneres,Shows,Cinema & Actors/actresses,116800000,United States,29200,33300
theestallion,Megan Thee Stallion,Music,,28200000,United States,504000,879900
thefatjewish,thefatjewish,Humor & Fun & Happiness,,10100000,United States,186900,244400
thegirljt,JTğŸ¦‹,Music,,5100000,United States,234400,641800
thehughjackman,,Cinema & Actors/actresses,,30300000,United States,107100,122400
thenameisyash,Yash,Cinema & Actors/actresses,,5900000,India,813100,964900
thenewclassic,Iggy Azalea,Music,,15800000,United States,233600,378200
thenotoriousmma,Conor McGregor Official,Fitness & Gym,,45000000,United States,435400,631500
therealcalebmclaughlin,Caleb McLaughlin,Cinema & Actors/actresses,Lifestyle,11100000,Brazil,278700,398600
therealjosephmorgan,Joseph Morgan,Cinema & Actors/actresses,Lifestyle,7800000,Brazil,411300,514100
therock,therock,Cinema & Actors/actresses,Fitness & Gym,307000000,India,303400,396000
theshilpashetty,Shilpa Shetty Kundra,Cinema & Actors/actresses,,24800000,India,107100,124000
theweeknd,The Weeknd,Music,,37500000,United States,725800,983900
thiagosilva,Thiago Silva,Sports with a ball,,18900000,Brazil,122800,207200
thv,V,,,38100000,N/A,12200000,12200000
tiagopzk,GOTTI A,Music,,4300000,Argentina,333400,761600
tiffanyyoungofficial,tiffany young,Modeling,Fashion,11600000,Indonesia,240500,301200
tigerjackieshroff,Tiger Shroff,Cinema & Actors/actresses,,33800000,India,331600,405000
timatiofficial,13,Music,Fitness & Gym,18000000,Russia,151200,202400
tinistoessel,tini,Music,,17400000,Argentina,631400,844700
todayis_wendy,Wendy,,,6300000,Indonesia,1100000,1300000
tombrady,Tom Brady,Sports with a ball,,11800000,United States,458600,847900
tomcruise,Tom Cruise,Cinema & Actors/actresses,,6200000,India,465000,645700
tommyinnit,TommyInnit,Lifestyle,,3600000,France,724800,817400
toni.kr8s,Toni Kroos,Sports with a ball,,31900000,Germany,178800,244100
travisscott,flame,Music,,44800000,United States,1400000,2100000
trentarnold66,Trent Alexander-Arnold,Lifestyle,Sports with a ball,6600000,United Kingdom,298900,438300
trippieredd,555,Music,,12800000,United States,530700,1000000
troyesivan,troye sivan,Art/Artists,Fashion,12600000,United States,157200,225600
trueno,TR1 â›ˆ,Music,,6700000,Argentina,479200,745700
twicetagram,TWICE,Music,Modeling,24600000,Indonesia,1300000,1600000
txt_bighit,TOMORROW X TOGETHER OFFICIAL,,,11700000,Indonesia,637800,804900
tyga,T-Raww,Music,,32400000,United States,689200,1000000
tylerrjoseph,tyler jÃ¸seph,Music,Art/Artists,5500000,United States,628200,941300
uarmyhope,jhope,,,32200001,South Korea,8000000,8000000
urassayas,Urassaya Sperbund,Cinema & Actors/actresses,Modeling,11400000,Thailand,181600,220800
urstrulymahesh,Mahesh Babu,Cinema & Actors/actresses,,8100000,India,527500,580400
ursulolita,UÌrsula CorberoÌ âœ¨,Cinema & Actors/actresses,Modeling,24600000,Brazil,2000000,2900000
urvashirautela,URVASHI RAUTELA ğŸ‡®ğŸ‡³,Cinema & Actors/actresses,,46400000,India,193400,229900
valentinazenere,Valentina Zenere,Modeling,Lifestyle,8500000,Brazil,259000,315400
valeyellow46,Valentino Rossi,Racing Sports,,13300000,Indonesia,310500,405300
vancityreynolds,Ryan Reynolds,Cinema & Actors/actresses,,42400000,United States,325200,422400
vanessahudgens,ğŸ”®Vanessa HudgensğŸ”®,Cinema & Actors/actresses,,44800000,United States,161100,262300
vanessalopesr_,Vanessa Lopes,Lifestyle,,10600000,Brazil,171900,559700
vanessamorgan,Vanessa Morgan,Music,Cinema & Actors/actresses,9400000,United States,422300,600500
varundvn,VarunDhawan,Cinema & Actors/actresses,,40900000,India,403400,492300
veradijkmans,DUTCHğŸ‡³ğŸ‡±,Adult content,,5100000,United States,390300,548600
vickykaushal09,Vicky Kaushal,Cinema & Actors/actresses,,13200000,India,1300000,1500000
victoriajustice,Victoria Justice,Music,Cinema & Actors/actresses,21800000,United States,226200,309800
viihtube,Viih Tube,Cinema & Actors/actresses,,22900000,Brazil,148000,279900
vindiesel,Vin Diesel,Cinema & Actors/actresses,,79000000,Brazil,440500,568500
vinijr,Vinicius Jr. âš¡ï¸ğŸ‡§ğŸ‡·,Sports with a ball,,15800000,Brazil,909400,1500000
vinniehacker,â€ ,Lifestyle,,5600000,United States,687000,1400000
violets.tv,Violet Summers,Adult content,,13500000,Italy,221300,303500
virat.kohli,Virat Kohli,Sports with a ball,,188100000,India,3100000,3400000
virgilvandijk,Virgil van Dijk,Sports with a ball,,11500000,United Kingdom,235400,333600
virginia,Virginia Fonseca Costa,Shows,Lifestyle,35800000,Brazil,1400000,2100000
vivi,Vivi Wanderley,Beauty,Lifestyle,13100000,Brazil,200000,328400
vousmevoyez,KRYSTAL,Music,Cinema & Actors/actresses,10100000,Indonesia,366600,475800
warriors,Golden State Warriors,Lifestyle,Sports with a ball,22200000,United States,81700,112800
watanabenaomi703,æ¸¡è¾ºç›´ç¾ã€€Naomi watanabe,Cinema & Actors/actresses,Humor & Fun & Happiness,9700000,Japan,339000,361000
waynerooney,Wayne Rooney,Sports with a ball,Lifestyle,15500000,United Kingdom,139800,201400
wdohwan,ìš°ë„í™˜,Cinema & Actors/actresses,,4400000,Indonesia,504800,669000
whinderssonnunes,Whindersson Nunes,Humor & Fun & Happiness,,57900000,Brazil,988300,1500000
wi__wi__wi,á„‹á…±á„’á…¡á„Œá…®á†« Wi Ha Jun,,,10200000,South Korea,1100000,1400000
wilbursoot,Wilbur Soot,Music,,3200000,United States,687500,883100
willevy,William  Levy / Actor Producer,Shows,Cinema & Actors/actresses,10200000,Brazil,382900,514400
willsmith,Will Smith,Cinema & Actors/actresses,Music,62400000,United States,1900000,2400000
willyrex,Willyrex,Shows,,8600000,Spain,324100,385100
winmetawin,Win Metawin O.,Lifestyle,,11700000,Philippines,1300000,1500000
wizkidayo,BIG WIZğŸ¦…,Music,,14200000,Nigeria,243300,473400
wolfiecindy,Cindy Kimberly,Modeling,Lifestyle,6900000,United States,226500,376700
wos.ds3,ValentiÌn Oliva,Music,,6300000,Argentina,371200,567400
wwiinn_7,WINWIN,,,7000000,Indonesia,1300000,1500000
xavi,Xavi HernaÌndez,Sports with a ball,,8100000,Spain,419400,629100
xeesoxee,á„’á…¡á†«á„‰á…©á„’á…´,Lifestyle,,8900000,Indonesia,1300000,1700000
xsqueezie,,Music,Lifestyle,7600000,France,519400,607300
xuminghao_o,The8 ë””ì—ì‡,Music,,4300000,Indonesia,615900,776200
xxxibgdrgn,á„€á…¯á†«á„Œá…µá„‹á…­á†¼(æ¬Šå¿—é¾),Photography,Fashion,20600000,Indonesia,785300,999100
xxxtentacion,MAKE OUT HILL,Music,,20200000,United States,11800000,20800000
yailinlamasviralreal,Yailin la Mas Viral â™‹ï¸ğŸ§¿,,,4300000,N/A,0,859600
yangyang_x2,YangYang á„‹á…£á†¼á„‹á…£á†¼,,,6100000,Indonesia,863400,1100000
yaocabrera,Yao Cabrera,,,12200000,Argentina,256000,556100
yasminabdelaziz_,Yasmin Abdelaziz,Cinema & Actors/actresses,,15400000,Egypt,185700,219900
yasmine_sabri,Yasmine Sabri,Cinema & Actors/actresses,Lifestyle,18400000,Egypt,158400,222800
yastunes,YAS,Music,,8000000,Iran,644000,894000
yawnzzn,YEONJUN,,,7400000,N/A,0,4300000
yefersoncossio,Yef,Lifestyle,,8800000,Colombia,257000,376600
yejinhand,ì†ì˜ˆì§„,Cinema & Actors/actresses,,6000000,Indonesia,537100,699000
yellow_3to3,REN JUN,,,5200000,Indonesia,1600000,2000000
yerimiese,Yeri,Lifestyle,,10100000,Indonesia,620300,768100
yihyun_1208,á„Œá…©á„‹á…µá„’á…§á†« cho yihyun,,,5400000,South Korea,1300000,1600000
ykaaar,Damiano David/MaÌŠneskin,,,5100000,Italy,968100,1300000
yoona__lim,,Cinema & Actors/actresses,,13200000,Indonesia,571600,683200
yooncy1,ìœ¤ì°¬ì˜ Yoon chanyoung,,,4900000,South Korea,1100000,1300000
youngdae0302,á„€á…µá†·á„‹á…§á†¼á„ƒá…¢,Music,,3800000,Indonesia,561400,741400
yugyeom,KYUM,Music,Art/Artists,10800000,Thailand,634200,821700
yungmiami305,Caresha ..ğŸ’—ğŸ’‹,Lifestyle,,5300000,United States,184600,547800
yuu_taa_1026,YUTA æ‚ å¤ª,,,7900000,Indonesia,1000000,1300000
yuyacst,ğ“¨ğ’–ğ’šğ’‚,Modeling,,17100000,Mexico,389800,598200
yuzi_chahal23,Yuzvendra Chahal,Lifestyle,Sports with a ball,7500000,India,311500,379500
zacefron,Zac Efron,Cinema & Actors/actresses,,52100000,United States,598700,869300
zachking,Zach King,Shows,Humor & Fun & Happiness,24500000,Indonesia,413900,637700
zayn,Zayn Malik,Music,,44900000,India,3700000,5800000
zefelipecantor,ZeÌ,Music,,23100000,Brazil,278100,487800
zelenskiy_official,Ğ’Ğ¾Ğ»Ğ¾Ğ´Ğ¸Ğ¼Ğ¸Ñ€ Ğ—ĞµĞ»ĞµĞ½ÑÑŒĞºĞ¸Ğ¹,Cinema & Actors/actresses,Business & Careers,16400000,Ukraine,174000,208100
zendaya,Zendaya,Cinema & Actors/actresses,Fashion,136100000,United States,6400000,8600000
zidane,zidane,Sports with a ball,,31200000,Spain,546000,744100
zkdlin,KAI,Music,,13900000,Indonesia,1300000,1600000
zoeisabellakravitz,ZoeÌˆ Kravitz,Cinema & Actors/actresses,,8200000,United States,583000,885500
zoesugg,ZoeÌˆ Sugg,Lifestyle,Business & Careers,9400000,United Kingdom,208700,289300
